<pkg-contents spec="1.12"><f n="Front Row.app" o="maxim" g="staff" p="16877" pt="/Users/maxim/Desktop/Front Row Lion/Data/Application/Front Row.app" m="false" t="file"><f n="Contents" o="maxim" g="staff" p="16877"><f n="_CodeSignature" o="maxim" g="staff" p="16877"><f n="CodeResources" o="maxim" g="staff" p="33188"/></f><f n="CodeResources" o="maxim" g="staff" p="41453"/><f n="Info.plist" o="maxim" g="staff" p="33188"/><f n="MacOS" o="maxim" g="staff" p="16877"><f n="Front Row" o="maxim" g="staff" p="33261"/></f><f n="PkgInfo" o="maxim" g="staff" p="33188"/><f n="Resources" o="maxim" g="staff" p="16877"><f n="frontrow.icns" o="maxim" g="staff" p="33188"/><f n="Menu.plist" o="maxim" g="staff" p="33188"/></f><f n="version.plist" o="maxim" g="staff" p="33188"/></f></f></pkg-contents>