<pkgref spec="1.12" uuid="9DBEF2FE-5D1A-4986-BEF3-946F0F904FE2"><config><identifier>com.maximcoppieters.frontRowForOsXLion.FrontRow-1.pkg</identifier><version>1.0</version><description/><post-install type="none"/><requireAuthorization/><installFrom relative="true" includeRoot="true">Data/Application/Front Row.app</installFrom><installTo>/Applications</installTo><flags><followSymbolicLinks/></flags><packageStore type="internal"/><mod>installFrom.isRelativeType</mod><mod>relocatable</mod><mod>parent</mod><mod>installTo</mod></config><contents><file-list>02front-contents.xml</file-list><component id="com.apple.frontrowlauncher" path="/Users/maxim/Desktop/Front Row Lion/Data/Application/Front Row.app" version="1.1" isRelocatable="true"><version-plist>/Users/maxim/Desktop/Front Row Lion/Data/Application/Front Row.app/Contents/version.plist</version-plist><locator-info><token title="pkmk-token-435"><search-rule><combo identifier="com.apple.frontrowlauncher" default-path="/Applications/Front Row.app"/></search-rule></token></locator-info></component><filter>/CVS$</filter><filter>/\.svn$</filter><filter>/\.cvsignore$</filter><filter>/\.cvspass$</filter><filter>/\.DS_Store$</filter></contents></pkgref>