<pkg-contents spec="1.12"><f n="Front Row.app" o="maxim" g="staff" p="16877" pt="/Users/maxim/Desktop/Front Row Lion/Data/CoreServices/Front Row.app" m="false" t="file"><f n="Contents" o="maxim" g="staff" p="16877"><f n="_CodeSignature" o="maxim" g="staff" p="16877"><f n="CodeResources" o="maxim" g="staff" p="33188"/></f><f n="CodeResources" o="maxim" g="staff" p="41453"/><f n="Info.plist" o="maxim" g="staff" p="33188"/><f n="MacOS" o="maxim" g="staff" p="16877"><f n="Front Row" o="maxim" g="staff" p="33261"/></f><f n="PkgInfo" o="maxim" g="staff" p="33188"/><f n="PlugIns" o="maxim" g="staff" p="16877"><f n="DVD.frappliance" o="maxim" g="staff" p="16877"><f n="Contents" o="maxim" g="staff" p="16877"><f n="_CodeSignature" o="maxim" g="staff" p="16877"><f n="CodeResources" o="maxim" g="staff" p="33188"/></f><f n="CodeResources" o="maxim" g="staff" p="41453"/><f n="Info.plist" o="maxim" g="staff" p="33188"/><f n="MacOS" o="maxim" g="staff" p="16877"><f n="DVD" o="maxim" g="staff" p="33261"/></f><f n="Resources" o="maxim" g="staff" p="16877"><f n="ApplianceIcon.png" o="maxim" g="staff" p="33188"/><f n="da.lproj" o="maxim" g="staff" p="16877"><f n="InfoPlist.strings" o="maxim" g="staff" p="33188"/><f n="Localizable.strings" o="maxim" g="staff" p="33188"/></f><f n="Dutch.lproj" o="maxim" g="staff" p="16877"><f n="InfoPlist.strings" o="maxim" g="staff" p="33188"/><f n="Localizable.strings" o="maxim" g="staff" p="33188"/></f><f n="English.lproj" o="maxim" g="staff" p="16877"><f n="InfoPlist.strings" o="maxim" g="staff" p="33188"/><f n="Localizable.strings" o="maxim" g="staff" p="33188"/></f><f n="fi.lproj" o="maxim" g="staff" p="16877"><f n="InfoPlist.strings" o="maxim" g="staff" p="33188"/><f n="Localizable.strings" o="maxim" g="staff" p="33188"/></f><f n="French.lproj" o="maxim" g="staff" p="16877"><f n="InfoPlist.strings" o="maxim" g="staff" p="33188"/><f n="Localizable.strings" o="maxim" g="staff" p="33188"/></f><f n="German.lproj" o="maxim" g="staff" p="16877"><f n="InfoPlist.strings" o="maxim" g="staff" p="33188"/><f n="Localizable.strings" o="maxim" g="staff" p="33188"/></f><f n="Italian.lproj" o="maxim" g="staff" p="16877"><f n="InfoPlist.strings" o="maxim" g="staff" p="33188"/><f n="Localizable.strings" o="maxim" g="staff" p="33188"/></f><f n="Japanese.lproj" o="maxim" g="staff" p="16877"><f n="InfoPlist.strings" o="maxim" g="staff" p="33188"/><f n="Localizable.strings" o="maxim" g="staff" p="33188"/></f><f n="ko.lproj" o="maxim" g="staff" p="16877"><f n="InfoPlist.strings" o="maxim" g="staff" p="33188"/><f n="Localizable.strings" o="maxim" g="staff" p="33188"/></f><f n="no.lproj" o="maxim" g="staff" p="16877"><f n="InfoPlist.strings" o="maxim" g="staff" p="33188"/><f n="Localizable.strings" o="maxim" g="staff" p="33188"/></f><f n="pl.lproj" o="maxim" g="staff" p="16877"><f n="InfoPlist.strings" o="maxim" g="staff" p="33188"/><f n="Localizable.strings" o="maxim" g="staff" p="33188"/></f><f n="pt.lproj" o="maxim" g="staff" p="16877"><f n="InfoPlist.strings" o="maxim" g="staff" p="33188"/><f n="Localizable.strings" o="maxim" g="staff" p="33188"/></f><f n="pt_PT.lproj" o="maxim" g="staff" p="16877"><f n="InfoPlist.strings" o="maxim" g="staff" p="33188"/><f n="Localizable.strings" o="maxim" g="staff" p="33188"/></f><f n="ru.lproj" o="maxim" g="staff" p="16877"><f n="InfoPlist.strings" o="maxim" g="staff" p="33188"/><f n="Localizable.strings" o="maxim" g="staff" p="33188"/></f><f n="Spanish.lproj" o="maxim" g="staff" p="16877"><f n="InfoPlist.strings" o="maxim" g="staff" p="33188"/><f n="Localizable.strings" o="maxim" g="staff" p="33188"/></f><f n="sv.lproj" o="maxim" g="staff" p="16877"><f n="InfoPlist.strings" o="maxim" g="staff" p="33188"/><f n="Localizable.strings" o="maxim" g="staff" p="33188"/></f><f n="zh_CN.lproj" o="maxim" g="staff" p="16877"><f n="InfoPlist.strings" o="maxim" g="staff" p="33188"/><f n="Localizable.strings" o="maxim" g="staff" p="33188"/></f><f n="zh_TW.lproj" o="maxim" g="staff" p="16877"><f n="InfoPlist.strings" o="maxim" g="staff" p="33188"/><f n="Localizable.strings" o="maxim" g="staff" p="33188"/></f></f><f n="version.plist" o="maxim" g="staff" p="33188"/></f></f><f n="FRSettings.frappliance" o="maxim" g="staff" p="16877"><f n="Contents" o="maxim" g="staff" p="16877"><f n="_CodeSignature" o="maxim" g="staff" p="16877"><f n="CodeResources" o="maxim" g="staff" p="33188"/></f><f n="CodeResources" o="maxim" g="staff" p="41453"/><f n="Info.plist" o="maxim" g="staff" p="33188"/><f n="MacOS" o="maxim" g="staff" p="16877"><f n="FRSettings" o="maxim" g="staff" p="33261"/></f><f n="Resources" o="maxim" g="staff" p="16877"><f n="ApplianceIcon.png" o="maxim" g="staff" p="33188"/><f n="BlurredSettingsIcon.png" o="maxim" g="staff" p="33188"/><f n="da.lproj" o="maxim" g="staff" p="16877"><f n="InfoPlist.strings" o="maxim" g="staff" p="33188"/><f n="Localizable.strings" o="maxim" g="staff" p="33188"/></f><f n="Dutch.lproj" o="maxim" g="staff" p="16877"><f n="InfoPlist.strings" o="maxim" g="staff" p="33188"/><f n="Localizable.strings" o="maxim" g="staff" p="33188"/></f><f n="English.lproj" o="maxim" g="staff" p="16877"><f n="InfoPlist.strings" o="maxim" g="staff" p="33188"/><f n="Localizable.strings" o="maxim" g="staff" p="33188"/></f><f n="fi.lproj" o="maxim" g="staff" p="16877"><f n="InfoPlist.strings" o="maxim" g="staff" p="33188"/><f n="Localizable.strings" o="maxim" g="staff" p="33188"/></f><f n="French.lproj" o="maxim" g="staff" p="16877"><f n="InfoPlist.strings" o="maxim" g="staff" p="33188"/><f n="Localizable.strings" o="maxim" g="staff" p="33188"/></f><f n="German.lproj" o="maxim" g="staff" p="16877"><f n="InfoPlist.strings" o="maxim" g="staff" p="33188"/><f n="Localizable.strings" o="maxim" g="staff" p="33188"/></f><f n="Italian.lproj" o="maxim" g="staff" p="16877"><f n="InfoPlist.strings" o="maxim" g="staff" p="33188"/><f n="Localizable.strings" o="maxim" g="staff" p="33188"/></f><f n="Japanese.lproj" o="maxim" g="staff" p="16877"><f n="InfoPlist.strings" o="maxim" g="staff" p="33188"/><f n="Localizable.strings" o="maxim" g="staff" p="33188"/></f><f n="ko.lproj" o="maxim" g="staff" p="16877"><f n="InfoPlist.strings" o="maxim" g="staff" p="33188"/><f n="Localizable.strings" o="maxim" g="staff" p="33188"/></f><f n="no.lproj" o="maxim" g="staff" p="16877"><f n="InfoPlist.strings" o="maxim" g="staff" p="33188"/><f n="Localizable.strings" o="maxim" g="staff" p="33188"/></f><f n="pl.lproj" o="maxim" g="staff" p="16877"><f n="InfoPlist.strings" o="maxim" g="staff" p="33188"/><f n="Localizable.strings" o="maxim" g="staff" p="33188"/></f><f n="pt.lproj" o="maxim" g="staff" p="16877"><f n="InfoPlist.strings" o="maxim" g="staff" p="33188"/><f n="Localizable.strings" o="maxim" g="staff" p="33188"/></f><f n="pt_PT.lproj" o="maxim" g="staff" p="16877"><f n="InfoPlist.strings" o="maxim" g="staff" p="33188"/><f n="Localizable.strings" o="maxim" g="staff" p="33188"/></f><f n="ru.lproj" o="maxim" g="staff" p="16877"><f n="InfoPlist.strings" o="maxim" g="staff" p="33188"/><f n="Localizable.strings" o="maxim" g="staff" p="33188"/></f><f n="Spanish.lproj" o="maxim" g="staff" p="16877"><f n="InfoPlist.strings" o="maxim" g="staff" p="33188"/><f n="Localizable.strings" o="maxim" g="staff" p="33188"/></f><f n="sv.lproj" o="maxim" g="staff" p="16877"><f n="InfoPlist.strings" o="maxim" g="staff" p="33188"/><f n="Localizable.strings" o="maxim" g="staff" p="33188"/></f><f n="zh_CN.lproj" o="maxim" g="staff" p="16877"><f n="InfoPlist.strings" o="maxim" g="staff" p="33188"/><f n="Localizable.strings" o="maxim" g="staff" p="33188"/></f><f n="zh_TW.lproj" o="maxim" g="staff" p="16877"><f n="InfoPlist.strings" o="maxim" g="staff" p="33188"/><f n="Localizable.strings" o="maxim" g="staff" p="33188"/></f></f><f n="version.plist" o="maxim" g="staff" p="33188"/></f></f><f n="FRSources.frappliance" o="maxim" g="staff" p="16877"><f n="Contents" o="maxim" g="staff" p="16877"><f n="_CodeSignature" o="maxim" g="staff" p="16877"><f n="CodeResources" o="maxim" g="staff" p="33188"/></f><f n="CodeResources" o="maxim" g="staff" p="41453"/><f n="Info.plist" o="maxim" g="staff" p="33188"/><f n="MacOS" o="maxim" g="staff" p="16877"><f n="FRSources" o="maxim" g="staff" p="33261"/></f><f n="Resources" o="maxim" g="staff" p="16877"><f n="ApplianceIcon.png" o="maxim" g="staff" p="33188"/><f n="BlurredSourcesIcon.png" o="maxim" g="staff" p="33188"/><f n="da.lproj" o="maxim" g="staff" p="16877"><f n="InfoPlist.strings" o="maxim" g="staff" p="33188"/></f><f n="Dutch.lproj" o="maxim" g="staff" p="16877"><f n="InfoPlist.strings" o="maxim" g="staff" p="33188"/></f><f n="English.lproj" o="maxim" g="staff" p="16877"><f n="InfoPlist.strings" o="maxim" g="staff" p="33188"/></f><f n="fi.lproj" o="maxim" g="staff" p="16877"><f n="InfoPlist.strings" o="maxim" g="staff" p="33188"/></f><f n="French.lproj" o="maxim" g="staff" p="16877"><f n="InfoPlist.strings" o="maxim" g="staff" p="33188"/></f><f n="German.lproj" o="maxim" g="staff" p="16877"><f n="InfoPlist.strings" o="maxim" g="staff" p="33188"/></f><f n="Italian.lproj" o="maxim" g="staff" p="16877"><f n="InfoPlist.strings" o="maxim" g="staff" p="33188"/></f><f n="Japanese.lproj" o="maxim" g="staff" p="16877"><f n="InfoPlist.strings" o="maxim" g="staff" p="33188"/></f><f n="ko.lproj" o="maxim" g="staff" p="16877"><f n="InfoPlist.strings" o="maxim" g="staff" p="33188"/></f><f n="no.lproj" o="maxim" g="staff" p="16877"><f n="InfoPlist.strings" o="maxim" g="staff" p="33188"/></f><f n="pl.lproj" o="maxim" g="staff" p="16877"><f n="InfoPlist.strings" o="maxim" g="staff" p="33188"/></f><f n="pt.lproj" o="maxim" g="staff" p="16877"><f n="InfoPlist.strings" o="maxim" g="staff" p="33188"/></f><f n="pt_PT.lproj" o="maxim" g="staff" p="16877"><f n="InfoPlist.strings" o="maxim" g="staff" p="33188"/></f><f n="ru.lproj" o="maxim" g="staff" p="16877"><f n="InfoPlist.strings" o="maxim" g="staff" p="33188"/></f><f n="Spanish.lproj" o="maxim" g="staff" p="16877"><f n="InfoPlist.strings" o="maxim" g="staff" p="33188"/></f><f n="sv.lproj" o="maxim" g="staff" p="16877"><f n="InfoPlist.strings" o="maxim" g="staff" p="33188"/></f><f n="zh_CN.lproj" o="maxim" g="staff" p="16877"><f n="InfoPlist.strings" o="maxim" g="staff" p="33188"/></f><f n="zh_TW.lproj" o="maxim" g="staff" p="16877"><f n="InfoPlist.strings" o="maxim" g="staff" p="33188"/></f></f><f n="version.plist" o="maxim" g="staff" p="33188"/></f></f><f n="Movies.frappliance" o="maxim" g="staff" p="16877"><f n="Contents" o="maxim" g="staff" p="16877"><f n="_CodeSignature" o="maxim" g="staff" p="16877"><f n="CodeResources" o="maxim" g="staff" p="33188"/></f><f n="CodeResources" o="maxim" g="staff" p="41453"/><f n="Info.plist" o="maxim" g="staff" p="33188"/><f n="MacOS" o="maxim" g="staff" p="16877"><f n="Movies" o="maxim" g="staff" p="33261"/></f><f n="Resources" o="maxim" g="staff" p="16877"><f n="ApplianceIcon.png" o="maxim" g="staff" p="33188"/><f n="BlurredMoviesIcon.png" o="maxim" g="staff" p="33188"/><f n="da.lproj" o="maxim" g="staff" p="16877"><f n="InfoPlist.strings" o="maxim" g="staff" p="33188"/><f n="Localizable.strings" o="maxim" g="staff" p="33188"/></f><f n="Dutch.lproj" o="maxim" g="staff" p="16877"><f n="InfoPlist.strings" o="maxim" g="staff" p="33188"/><f n="Localizable.strings" o="maxim" g="staff" p="33188"/></f><f n="English.lproj" o="maxim" g="staff" p="16877"><f n="InfoPlist.strings" o="maxim" g="staff" p="33188"/><f n="Localizable.strings" o="maxim" g="staff" p="33188"/></f><f n="fi.lproj" o="maxim" g="staff" p="16877"><f n="InfoPlist.strings" o="maxim" g="staff" p="33188"/><f n="Localizable.strings" o="maxim" g="staff" p="33188"/></f><f n="French.lproj" o="maxim" g="staff" p="16877"><f n="InfoPlist.strings" o="maxim" g="staff" p="33188"/><f n="Localizable.strings" o="maxim" g="staff" p="33188"/></f><f n="German.lproj" o="maxim" g="staff" p="16877"><f n="InfoPlist.strings" o="maxim" g="staff" p="33188"/><f n="Localizable.strings" o="maxim" g="staff" p="33188"/></f><f n="Italian.lproj" o="maxim" g="staff" p="16877"><f n="InfoPlist.strings" o="maxim" g="staff" p="33188"/><f n="Localizable.strings" o="maxim" g="staff" p="33188"/></f><f n="Japanese.lproj" o="maxim" g="staff" p="16877"><f n="InfoPlist.strings" o="maxim" g="staff" p="33188"/><f n="Localizable.strings" o="maxim" g="staff" p="33188"/></f><f n="ko.lproj" o="maxim" g="staff" p="16877"><f n="InfoPlist.strings" o="maxim" g="staff" p="33188"/><f n="Localizable.strings" o="maxim" g="staff" p="33188"/></f><f n="no.lproj" o="maxim" g="staff" p="16877"><f n="InfoPlist.strings" o="maxim" g="staff" p="33188"/><f n="Localizable.strings" o="maxim" g="staff" p="33188"/></f><f n="pl.lproj" o="maxim" g="staff" p="16877"><f n="InfoPlist.strings" o="maxim" g="staff" p="33188"/><f n="Localizable.strings" o="maxim" g="staff" p="33188"/></f><f n="pt.lproj" o="maxim" g="staff" p="16877"><f n="InfoPlist.strings" o="maxim" g="staff" p="33188"/><f n="Localizable.strings" o="maxim" g="staff" p="33188"/></f><f n="pt_PT.lproj" o="maxim" g="staff" p="16877"><f n="InfoPlist.strings" o="maxim" g="staff" p="33188"/><f n="Localizable.strings" o="maxim" g="staff" p="33188"/></f><f n="ru.lproj" o="maxim" g="staff" p="16877"><f n="InfoPlist.strings" o="maxim" g="staff" p="33188"/><f n="Localizable.strings" o="maxim" g="staff" p="33188"/></f><f n="Spanish.lproj" o="maxim" g="staff" p="16877"><f n="InfoPlist.strings" o="maxim" g="staff" p="33188"/><f n="Localizable.strings" o="maxim" g="staff" p="33188"/></f><f n="sv.lproj" o="maxim" g="staff" p="16877"><f n="InfoPlist.strings" o="maxim" g="staff" p="33188"/><f n="Localizable.strings" o="maxim" g="staff" p="33188"/></f><f n="zh_CN.lproj" o="maxim" g="staff" p="16877"><f n="InfoPlist.strings" o="maxim" g="staff" p="33188"/><f n="Localizable.strings" o="maxim" g="staff" p="33188"/></f><f n="zh_TW.lproj" o="maxim" g="staff" p="16877"><f n="InfoPlist.strings" o="maxim" g="staff" p="33188"/><f n="Localizable.strings" o="maxim" g="staff" p="33188"/></f></f><f n="version.plist" o="maxim" g="staff" p="33188"/></f></f><f n="Music.frappliance" o="maxim" g="staff" p="16877"><f n="Contents" o="maxim" g="staff" p="16877"><f n="_CodeSignature" o="maxim" g="staff" p="16877"><f n="CodeResources" o="maxim" g="staff" p="33188"/></f><f n="CodeResources" o="maxim" g="staff" p="41453"/><f n="Info.plist" o="maxim" g="staff" p="33188"/><f n="MacOS" o="maxim" g="staff" p="16877"><f n="Music" o="maxim" g="staff" p="33261"/></f><f n="Resources" o="maxim" g="staff" p="16877"><f n="ApplianceIcon.png" o="maxim" g="staff" p="33188"/><f n="BlurredMusicIcon.png" o="maxim" g="staff" p="33188"/><f n="da.lproj" o="maxim" g="staff" p="16877"><f n="InfoPlist.strings" o="maxim" g="staff" p="33188"/></f><f n="Dutch.lproj" o="maxim" g="staff" p="16877"><f n="InfoPlist.strings" o="maxim" g="staff" p="33188"/></f><f n="English.lproj" o="maxim" g="staff" p="16877"><f n="InfoPlist.strings" o="maxim" g="staff" p="33188"/></f><f n="fi.lproj" o="maxim" g="staff" p="16877"><f n="InfoPlist.strings" o="maxim" g="staff" p="33188"/></f><f n="French.lproj" o="maxim" g="staff" p="16877"><f n="InfoPlist.strings" o="maxim" g="staff" p="33188"/></f><f n="German.lproj" o="maxim" g="staff" p="16877"><f n="InfoPlist.strings" o="maxim" g="staff" p="33188"/></f><f n="Italian.lproj" o="maxim" g="staff" p="16877"><f n="InfoPlist.strings" o="maxim" g="staff" p="33188"/></f><f n="Japanese.lproj" o="maxim" g="staff" p="16877"><f n="InfoPlist.strings" o="maxim" g="staff" p="33188"/></f><f n="ko.lproj" o="maxim" g="staff" p="16877"><f n="InfoPlist.strings" o="maxim" g="staff" p="33188"/></f><f n="no.lproj" o="maxim" g="staff" p="16877"><f n="InfoPlist.strings" o="maxim" g="staff" p="33188"/></f><f n="pl.lproj" o="maxim" g="staff" p="16877"><f n="InfoPlist.strings" o="maxim" g="staff" p="33188"/></f><f n="pt.lproj" o="maxim" g="staff" p="16877"><f n="InfoPlist.strings" o="maxim" g="staff" p="33188"/></f><f n="pt_PT.lproj" o="maxim" g="staff" p="16877"><f n="InfoPlist.strings" o="maxim" g="staff" p="33188"/></f><f n="ru.lproj" o="maxim" g="staff" p="16877"><f n="InfoPlist.strings" o="maxim" g="staff" p="33188"/></f><f n="Spanish.lproj" o="maxim" g="staff" p="16877"><f n="InfoPlist.strings" o="maxim" g="staff" p="33188"/></f><f n="sv.lproj" o="maxim" g="staff" p="16877"><f n="InfoPlist.strings" o="maxim" g="staff" p="33188"/></f><f n="zh_CN.lproj" o="maxim" g="staff" p="16877"><f n="InfoPlist.strings" o="maxim" g="staff" p="33188"/></f><f n="zh_TW.lproj" o="maxim" g="staff" p="16877"><f n="InfoPlist.strings" o="maxim" g="staff" p="33188"/></f></f><f n="version.plist" o="maxim" g="staff" p="33188"/></f></f><f n="Photos.frappliance" o="maxim" g="staff" p="16877"><f n="Contents" o="maxim" g="staff" p="16877"><f n="_CodeSignature" o="maxim" g="staff" p="16877"><f n="CodeResources" o="maxim" g="staff" p="33188"/></f><f n="CodeResources" o="maxim" g="staff" p="41453"/><f n="Info.plist" o="maxim" g="staff" p="33188"/><f n="MacOS" o="maxim" g="staff" p="16877"><f n="Photos" o="maxim" g="staff" p="33261"/></f><f n="Resources" o="maxim" g="staff" p="16877"><f n="ApplianceIcon.png" o="maxim" g="staff" p="33188"/><f n="BlurredPhotosIcon.png" o="maxim" g="staff" p="33188"/><f n="da.lproj" o="maxim" g="staff" p="16877"><f n="InfoPlist.strings" o="maxim" g="staff" p="33188"/></f><f n="Dutch.lproj" o="maxim" g="staff" p="16877"><f n="InfoPlist.strings" o="maxim" g="staff" p="33188"/></f><f n="English.lproj" o="maxim" g="staff" p="16877"><f n="InfoPlist.strings" o="maxim" g="staff" p="33188"/></f><f n="fi.lproj" o="maxim" g="staff" p="16877"><f n="InfoPlist.strings" o="maxim" g="staff" p="33188"/></f><f n="French.lproj" o="maxim" g="staff" p="16877"><f n="InfoPlist.strings" o="maxim" g="staff" p="33188"/></f><f n="German.lproj" o="maxim" g="staff" p="16877"><f n="InfoPlist.strings" o="maxim" g="staff" p="33188"/></f><f n="Italian.lproj" o="maxim" g="staff" p="16877"><f n="InfoPlist.strings" o="maxim" g="staff" p="33188"/></f><f n="Japanese.lproj" o="maxim" g="staff" p="16877"><f n="InfoPlist.strings" o="maxim" g="staff" p="33188"/></f><f n="ko.lproj" o="maxim" g="staff" p="16877"><f n="InfoPlist.strings" o="maxim" g="staff" p="33188"/></f><f n="no.lproj" o="maxim" g="staff" p="16877"><f n="InfoPlist.strings" o="maxim" g="staff" p="33188"/></f><f n="pl.lproj" o="maxim" g="staff" p="16877"><f n="InfoPlist.strings" o="maxim" g="staff" p="33188"/></f><f n="pt.lproj" o="maxim" g="staff" p="16877"><f n="InfoPlist.strings" o="maxim" g="staff" p="33188"/></f><f n="pt_PT.lproj" o="maxim" g="staff" p="16877"><f n="InfoPlist.strings" o="maxim" g="staff" p="33188"/></f><f n="ru.lproj" o="maxim" g="staff" p="16877"><f n="InfoPlist.strings" o="maxim" g="staff" p="33188"/></f><f n="Spanish.lproj" o="maxim" g="staff" p="16877"><f n="InfoPlist.strings" o="maxim" g="staff" p="33188"/></f><f n="sv.lproj" o="maxim" g="staff" p="16877"><f n="InfoPlist.strings" o="maxim" g="staff" p="33188"/></f><f n="zh_CN.lproj" o="maxim" g="staff" p="16877"><f n="InfoPlist.strings" o="maxim" g="staff" p="33188"/></f><f n="zh_TW.lproj" o="maxim" g="staff" p="16877"><f n="InfoPlist.strings" o="maxim" g="staff" p="33188"/></f></f><f n="version.plist" o="maxim" g="staff" p="33188"/></f></f><f n="Podcasts.frappliance" o="maxim" g="staff" p="16877"><f n="Contents" o="maxim" g="staff" p="16877"><f n="_CodeSignature" o="maxim" g="staff" p="16877"><f n="CodeResources" o="maxim" g="staff" p="33188"/></f><f n="CodeResources" o="maxim" g="staff" p="41453"/><f n="Info.plist" o="maxim" g="staff" p="33188"/><f n="MacOS" o="maxim" g="staff" p="16877"><f n="Podcasts" o="maxim" g="staff" p="33261"/></f><f n="Resources" o="maxim" g="staff" p="16877"><f n="ApplianceIcon.png" o="maxim" g="staff" p="33188"/><f n="BlurredPodcastIcon.png" o="maxim" g="staff" p="33188"/><f n="da.lproj" o="maxim" g="staff" p="16877"><f n="InfoPlist.strings" o="maxim" g="staff" p="33188"/></f><f n="Dutch.lproj" o="maxim" g="staff" p="16877"><f n="InfoPlist.strings" o="maxim" g="staff" p="33188"/></f><f n="English.lproj" o="maxim" g="staff" p="16877"><f n="InfoPlist.strings" o="maxim" g="staff" p="33188"/></f><f n="fi.lproj" o="maxim" g="staff" p="16877"><f n="InfoPlist.strings" o="maxim" g="staff" p="33188"/></f><f n="French.lproj" o="maxim" g="staff" p="16877"><f n="InfoPlist.strings" o="maxim" g="staff" p="33188"/></f><f n="German.lproj" o="maxim" g="staff" p="16877"><f n="InfoPlist.strings" o="maxim" g="staff" p="33188"/></f><f n="Italian.lproj" o="maxim" g="staff" p="16877"><f n="InfoPlist.strings" o="maxim" g="staff" p="33188"/></f><f n="Japanese.lproj" o="maxim" g="staff" p="16877"><f n="InfoPlist.strings" o="maxim" g="staff" p="33188"/></f><f n="ko.lproj" o="maxim" g="staff" p="16877"><f n="InfoPlist.strings" o="maxim" g="staff" p="33188"/></f><f n="no.lproj" o="maxim" g="staff" p="16877"><f n="InfoPlist.strings" o="maxim" g="staff" p="33188"/></f><f n="pl.lproj" o="maxim" g="staff" p="16877"><f n="InfoPlist.strings" o="maxim" g="staff" p="33188"/></f><f n="pt.lproj" o="maxim" g="staff" p="16877"><f n="InfoPlist.strings" o="maxim" g="staff" p="33188"/></f><f n="pt_PT.lproj" o="maxim" g="staff" p="16877"><f n="InfoPlist.strings" o="maxim" g="staff" p="33188"/></f><f n="ru.lproj" o="maxim" g="staff" p="16877"><f n="InfoPlist.strings" o="maxim" g="staff" p="33188"/></f><f n="Spanish.lproj" o="maxim" g="staff" p="16877"><f n="InfoPlist.strings" o="maxim" g="staff" p="33188"/></f><f n="sv.lproj" o="maxim" g="staff" p="16877"><f n="InfoPlist.strings" o="maxim" g="staff" p="33188"/></f><f n="zh_CN.lproj" o="maxim" g="staff" p="16877"><f n="InfoPlist.strings" o="maxim" g="staff" p="33188"/></f><f n="zh_TW.lproj" o="maxim" g="staff" p="16877"><f n="InfoPlist.strings" o="maxim" g="staff" p="33188"/></f></f><f n="version.plist" o="maxim" g="staff" p="33188"/></f></f><f n="TV.frappliance" o="maxim" g="staff" p="16877"><f n="Contents" o="maxim" g="staff" p="16877"><f n="_CodeSignature" o="maxim" g="staff" p="16877"><f n="CodeResources" o="maxim" g="staff" p="33188"/></f><f n="CodeResources" o="maxim" g="staff" p="41453"/><f n="Info.plist" o="maxim" g="staff" p="33188"/><f n="MacOS" o="maxim" g="staff" p="16877"><f n="TV" o="maxim" g="staff" p="33261"/></f><f n="Resources" o="maxim" g="staff" p="16877"><f n="ApplianceIcon.png" o="maxim" g="staff" p="33188"/><f n="BlurredTVIcon.png" o="maxim" g="staff" p="33188"/><f n="BlurredTVIconReflection.png" o="maxim" g="staff" p="33188"/><f n="da.lproj" o="maxim" g="staff" p="16877"><f n="InfoPlist.strings" o="maxim" g="staff" p="33188"/></f><f n="Dutch.lproj" o="maxim" g="staff" p="16877"><f n="InfoPlist.strings" o="maxim" g="staff" p="33188"/></f><f n="English.lproj" o="maxim" g="staff" p="16877"><f n="InfoPlist.strings" o="maxim" g="staff" p="33188"/></f><f n="fi.lproj" o="maxim" g="staff" p="16877"><f n="InfoPlist.strings" o="maxim" g="staff" p="33188"/></f><f n="French.lproj" o="maxim" g="staff" p="16877"><f n="InfoPlist.strings" o="maxim" g="staff" p="33188"/></f><f n="German.lproj" o="maxim" g="staff" p="16877"><f n="InfoPlist.strings" o="maxim" g="staff" p="33188"/></f><f n="Italian.lproj" o="maxim" g="staff" p="16877"><f n="InfoPlist.strings" o="maxim" g="staff" p="33188"/></f><f n="Japanese.lproj" o="maxim" g="staff" p="16877"><f n="InfoPlist.strings" o="maxim" g="staff" p="33188"/></f><f n="ko.lproj" o="maxim" g="staff" p="16877"><f n="InfoPlist.strings" o="maxim" g="staff" p="33188"/></f><f n="no.lproj" o="maxim" g="staff" p="16877"><f n="InfoPlist.strings" o="maxim" g="staff" p="33188"/></f><f n="pl.lproj" o="maxim" g="staff" p="16877"><f n="InfoPlist.strings" o="maxim" g="staff" p="33188"/></f><f n="pt.lproj" o="maxim" g="staff" p="16877"><f n="InfoPlist.strings" o="maxim" g="staff" p="33188"/></f><f n="pt_PT.lproj" o="maxim" g="staff" p="16877"><f n="InfoPlist.strings" o="maxim" g="staff" p="33188"/></f><f n="ru.lproj" o="maxim" g="staff" p="16877"><f n="InfoPlist.strings" o="maxim" g="staff" p="33188"/></f><f n="Spanish.lproj" o="maxim" g="staff" p="16877"><f n="InfoPlist.strings" o="maxim" g="staff" p="33188"/></f><f n="sv.lproj" o="maxim" g="staff" p="16877"><f n="InfoPlist.strings" o="maxim" g="staff" p="33188"/></f><f n="TVIconReflection.png" o="maxim" g="staff" p="33188"/><f n="zh_CN.lproj" o="maxim" g="staff" p="16877"><f n="InfoPlist.strings" o="maxim" g="staff" p="33188"/></f><f n="zh_TW.lproj" o="maxim" g="staff" p="16877"><f n="InfoPlist.strings" o="maxim" g="staff" p="33188"/></f></f><f n="version.plist" o="maxim" g="staff" p="33188"/></f></f></f><f n="Resources" o="maxim" g="staff" p="16877"><f n="com.apple.frontrow.manifest" o="maxim" g="staff" p="33261"/><f n="com.apple.RemoteUI.plist" o="maxim" g="staff" p="33188"/><f n="da.lproj" o="maxim" g="staff" p="16877"><f n="ErrorFailureReasons.strings" o="maxim" g="staff" p="33188"/><f n="ErrorRecoverySuggestions.strings" o="maxim" g="staff" p="33188"/><f n="InfoPlist.strings" o="maxim" g="staff" p="33188"/><f n="iTunesFRLibrary.strings" o="maxim" g="staff" p="33188"/><f n="Localizable.strings" o="maxim" g="staff" p="33188"/><f n="SortPrefixes.plist" o="maxim" g="staff" p="33188"/></f><f n="Dutch.lproj" o="maxim" g="staff" p="16877"><f n="ErrorFailureReasons.strings" o="maxim" g="staff" p="33188"/><f n="ErrorRecoverySuggestions.strings" o="maxim" g="staff" p="33188"/><f n="InfoPlist.strings" o="maxim" g="staff" p="33188"/><f n="iTunesFRLibrary.strings" o="maxim" g="staff" p="33188"/><f n="Localizable.strings" o="maxim" g="staff" p="33188"/><f n="SortPrefixes.plist" o="maxim" g="staff" p="33188"/></f><f n="English.lproj" o="maxim" g="staff" p="16877"><f n="ErrorFailureReasons.strings" o="maxim" g="staff" p="33188"/><f n="ErrorRecoverySuggestions.strings" o="maxim" g="staff" p="33188"/><f n="InfoPlist.strings" o="maxim" g="staff" p="33188"/><f n="iTunesFRLibrary.strings" o="maxim" g="staff" p="33188"/><f n="Localizable.strings" o="maxim" g="staff" p="33188"/><f n="SortPrefixes.plist" o="maxim" g="staff" p="33188"/></f><f n="fi.lproj" o="maxim" g="staff" p="16877"><f n="ErrorFailureReasons.strings" o="maxim" g="staff" p="33188"/><f n="ErrorRecoverySuggestions.strings" o="maxim" g="staff" p="33188"/><f n="InfoPlist.strings" o="maxim" g="staff" p="33188"/><f n="iTunesFRLibrary.strings" o="maxim" g="staff" p="33188"/><f n="Localizable.strings" o="maxim" g="staff" p="33188"/><f n="SortPrefixes.plist" o="maxim" g="staff" p="33188"/></f><f n="French.lproj" o="maxim" g="staff" p="16877"><f n="ErrorFailureReasons.strings" o="maxim" g="staff" p="33188"/><f n="ErrorRecoverySuggestions.strings" o="maxim" g="staff" p="33188"/><f n="InfoPlist.strings" o="maxim" g="staff" p="33188"/><f n="iTunesFRLibrary.strings" o="maxim" g="staff" p="33188"/><f n="Localizable.strings" o="maxim" g="staff" p="33188"/><f n="SortPrefixes.plist" o="maxim" g="staff" p="33188"/></f><f n="German.lproj" o="maxim" g="staff" p="16877"><f n="ErrorFailureReasons.strings" o="maxim" g="staff" p="33188"/><f n="ErrorRecoverySuggestions.strings" o="maxim" g="staff" p="33188"/><f n="InfoPlist.strings" o="maxim" g="staff" p="33188"/><f n="iTunesFRLibrary.strings" o="maxim" g="staff" p="33188"/><f n="Localizable.strings" o="maxim" g="staff" p="33188"/><f n="SortPrefixes.plist" o="maxim" g="staff" p="33188"/></f><f n="Italian.lproj" o="maxim" g="staff" p="16877"><f n="ErrorFailureReasons.strings" o="maxim" g="staff" p="33188"/><f n="ErrorRecoverySuggestions.strings" o="maxim" g="staff" p="33188"/><f n="InfoPlist.strings" o="maxim" g="staff" p="33188"/><f n="iTunesFRLibrary.strings" o="maxim" g="staff" p="33188"/><f n="Localizable.strings" o="maxim" g="staff" p="33188"/><f n="SortPrefixes.plist" o="maxim" g="staff" p="33188"/></f><f n="Japanese.lproj" o="maxim" g="staff" p="16877"><f n="ErrorFailureReasons.strings" o="maxim" g="staff" p="33188"/><f n="ErrorRecoverySuggestions.strings" o="maxim" g="staff" p="33188"/><f n="InfoPlist.strings" o="maxim" g="staff" p="33188"/><f n="iTunesFRLibrary.strings" o="maxim" g="staff" p="33188"/><f n="Localizable.strings" o="maxim" g="staff" p="33188"/><f n="SortPrefixes.plist" o="maxim" g="staff" p="33188"/></f><f n="ko.lproj" o="maxim" g="staff" p="16877"><f n="ErrorFailureReasons.strings" o="maxim" g="staff" p="33188"/><f n="ErrorRecoverySuggestions.strings" o="maxim" g="staff" p="33188"/><f n="InfoPlist.strings" o="maxim" g="staff" p="33188"/><f n="iTunesFRLibrary.strings" o="maxim" g="staff" p="33188"/><f n="Localizable.strings" o="maxim" g="staff" p="33188"/><f n="SortPrefixes.plist" o="maxim" g="staff" p="33188"/></f><f n="no.lproj" o="maxim" g="staff" p="16877"><f n="ErrorFailureReasons.strings" o="maxim" g="staff" p="33188"/><f n="ErrorRecoverySuggestions.strings" o="maxim" g="staff" p="33188"/><f n="InfoPlist.strings" o="maxim" g="staff" p="33188"/><f n="iTunesFRLibrary.strings" o="maxim" g="staff" p="33188"/><f n="Localizable.strings" o="maxim" g="staff" p="33188"/><f n="SortPrefixes.plist" o="maxim" g="staff" p="33188"/></f><f n="pl.lproj" o="maxim" g="staff" p="16877"><f n="ErrorFailureReasons.strings" o="maxim" g="staff" p="33188"/><f n="ErrorRecoverySuggestions.strings" o="maxim" g="staff" p="33188"/><f n="InfoPlist.strings" o="maxim" g="staff" p="33188"/><f n="iTunesFRLibrary.strings" o="maxim" g="staff" p="33188"/><f n="Localizable.strings" o="maxim" g="staff" p="33188"/><f n="SortPrefixes.plist" o="maxim" g="staff" p="33188"/></f><f n="pt.lproj" o="maxim" g="staff" p="16877"><f n="ErrorFailureReasons.strings" o="maxim" g="staff" p="33188"/><f n="ErrorRecoverySuggestions.strings" o="maxim" g="staff" p="33188"/><f n="InfoPlist.strings" o="maxim" g="staff" p="33188"/><f n="iTunesFRLibrary.strings" o="maxim" g="staff" p="33188"/><f n="Localizable.strings" o="maxim" g="staff" p="33188"/><f n="SortPrefixes.plist" o="maxim" g="staff" p="33188"/></f><f n="pt_PT.lproj" o="maxim" g="staff" p="16877"><f n="ErrorFailureReasons.strings" o="maxim" g="staff" p="33188"/><f n="ErrorRecoverySuggestions.strings" o="maxim" g="staff" p="33188"/><f n="InfoPlist.strings" o="maxim" g="staff" p="33188"/><f n="iTunesFRLibrary.strings" o="maxim" g="staff" p="33188"/><f n="Localizable.strings" o="maxim" g="staff" p="33188"/><f n="SortPrefixes.plist" o="maxim" g="staff" p="33188"/></f><f n="ru.lproj" o="maxim" g="staff" p="16877"><f n="ErrorFailureReasons.strings" o="maxim" g="staff" p="33188"/><f n="ErrorRecoverySuggestions.strings" o="maxim" g="staff" p="33188"/><f n="InfoPlist.strings" o="maxim" g="staff" p="33188"/><f n="iTunesFRLibrary.strings" o="maxim" g="staff" p="33188"/><f n="Localizable.strings" o="maxim" g="staff" p="33188"/><f n="SortPrefixes.plist" o="maxim" g="staff" p="33188"/></f><f n="Spanish.lproj" o="maxim" g="staff" p="16877"><f n="ErrorFailureReasons.strings" o="maxim" g="staff" p="33188"/><f n="ErrorRecoverySuggestions.strings" o="maxim" g="staff" p="33188"/><f n="InfoPlist.strings" o="maxim" g="staff" p="33188"/><f n="iTunesFRLibrary.strings" o="maxim" g="staff" p="33188"/><f n="Localizable.strings" o="maxim" g="staff" p="33188"/><f n="SortPrefixes.plist" o="maxim" g="staff" p="33188"/></f><f n="sv.lproj" o="maxim" g="staff" p="16877"><f n="ErrorFailureReasons.strings" o="maxim" g="staff" p="33188"/><f n="ErrorRecoverySuggestions.strings" o="maxim" g="staff" p="33188"/><f n="InfoPlist.strings" o="maxim" g="staff" p="33188"/><f n="iTunesFRLibrary.strings" o="maxim" g="staff" p="33188"/><f n="Localizable.strings" o="maxim" g="staff" p="33188"/><f n="SortPrefixes.plist" o="maxim" g="staff" p="33188"/></f><f n="zh_CN.lproj" o="maxim" g="staff" p="16877"><f n="ErrorFailureReasons.strings" o="maxim" g="staff" p="33188"/><f n="ErrorRecoverySuggestions.strings" o="maxim" g="staff" p="33188"/><f n="InfoPlist.strings" o="maxim" g="staff" p="33188"/><f n="iTunesFRLibrary.strings" o="maxim" g="staff" p="33188"/><f n="Localizable.strings" o="maxim" g="staff" p="33188"/><f n="SortPrefixes.plist" o="maxim" g="staff" p="33188"/></f><f n="zh_TW.lproj" o="maxim" g="staff" p="16877"><f n="ErrorFailureReasons.strings" o="maxim" g="staff" p="33188"/><f n="ErrorRecoverySuggestions.strings" o="maxim" g="staff" p="33188"/><f n="InfoPlist.strings" o="maxim" g="staff" p="33188"/><f n="iTunesFRLibrary.strings" o="maxim" g="staff" p="33188"/><f n="Localizable.strings" o="maxim" g="staff" p="33188"/><f n="SortPrefixes.plist" o="maxim" g="staff" p="33188"/></f></f><f n="version.plist" o="maxim" g="staff" p="33188"/></f></f></pkg-contents>