<pkgref spec="1.12" uuid="AC4129AC-AD7A-4C95-8C2F-D249F5E83E81"><config><identifier>com.maximcoppieters.frontRowForOsXLion.FrontRow.pkg</identifier><version>1.0</version><description/><post-install type="req-restart"/><requireAuthorization/><installFrom relative="true" includeRoot="true">Data/CoreServices/Front Row.app</installFrom><installTo mod="true">/System/Library/CoreServices</installTo><flags><followSymbolicLinks/></flags><packageStore type="internal"/><mod>installFrom.isRelativeType</mod><mod>postInstall</mod><mod>parent</mod><mod>installTo</mod></config><contents><file-list>03front-contents.xml</file-list><component id="com.apple.frontrow" path="/Users/maxim/Desktop/Front Row Lion/Data/CoreServices/Front Row.app" version="2.2.1" isRelocatable="true"><version-plist>/Users/maxim/Desktop/Front Row Lion/Data/CoreServices/Front Row.app/Contents/version.plist</version-plist><locator-info><token title="pkmk-token-439"><search-rule><combo identifier="com.apple.frontrow" default-path="/Applications/Front Row.app"/></search-rule></token></locator-info><component id="com.apple.frontrow.appliance.dvd" path="/Users/maxim/Desktop/Front Row Lion/Data/CoreServices/Front Row.app/Contents/PlugIns/DVD.frappliance" version="2.2.9"><version-plist>/Users/maxim/Desktop/Front Row Lion/Data/CoreServices/Front Row.app/Contents/PlugIns/DVD.frappliance/Contents/version.plist</version-plist></component><component id="com.apple.frontrow.appliance.frsettings" path="/Users/maxim/Desktop/Front Row Lion/Data/CoreServices/Front Row.app/Contents/PlugIns/FRSettings.frappliance" version="2.2.9"><version-plist>/Users/maxim/Desktop/Front Row Lion/Data/CoreServices/Front Row.app/Contents/PlugIns/FRSettings.frappliance/Contents/version.plist</version-plist></component><component id="com.apple.frontrow.appliance.frsources" path="/Users/maxim/Desktop/Front Row Lion/Data/CoreServices/Front Row.app/Contents/PlugIns/FRSources.frappliance" version="2.2.9"><version-plist>/Users/maxim/Desktop/Front Row Lion/Data/CoreServices/Front Row.app/Contents/PlugIns/FRSources.frappliance/Contents/version.plist</version-plist></component><component id="com.apple.frontrow.appliance.movies" path="/Users/maxim/Desktop/Front Row Lion/Data/CoreServices/Front Row.app/Contents/PlugIns/Movies.frappliance" version="2.2.9"><version-plist>/Users/maxim/Desktop/Front Row Lion/Data/CoreServices/Front Row.app/Contents/PlugIns/Movies.frappliance/Contents/version.plist</version-plist></component><component id="com.apple.frontrow.appliance.music" path="/Users/maxim/Desktop/Front Row Lion/Data/CoreServices/Front Row.app/Contents/PlugIns/Music.frappliance" version="2.2.9"><version-plist>/Users/maxim/Desktop/Front Row Lion/Data/CoreServices/Front Row.app/Contents/PlugIns/Music.frappliance/Contents/version.plist</version-plist></component><component id="com.apple.frontrow.appliance.frphotos" path="/Users/maxim/Desktop/Front Row Lion/Data/CoreServices/Front Row.app/Contents/PlugIns/Photos.frappliance" version="2.2.9"><version-plist>/Users/maxim/Desktop/Front Row Lion/Data/CoreServices/Front Row.app/Contents/PlugIns/Photos.frappliance/Contents/version.plist</version-plist></component><component id="com.apple.frontrow.appliance.podcast" path="/Users/maxim/Desktop/Front Row Lion/Data/CoreServices/Front Row.app/Contents/PlugIns/Podcasts.frappliance" version="2.2.9"><version-plist>/Users/maxim/Desktop/Front Row Lion/Data/CoreServices/Front Row.app/Contents/PlugIns/Podcasts.frappliance/Contents/version.plist</version-plist></component><component id="com.apple.frontrow.appliance.tv" path="/Users/maxim/Desktop/Front Row Lion/Data/CoreServices/Front Row.app/Contents/PlugIns/TV.frappliance" version="2.2.9"><version-plist>/Users/maxim/Desktop/Front Row Lion/Data/CoreServices/Front Row.app/Contents/PlugIns/TV.frappliance/Contents/version.plist</version-plist></component></component><filter>/CVS$</filter><filter>/\.svn$</filter><filter>/\.cvsignore$</filter><filter>/\.cvspass$</filter><filter>/\.DS_Store$</filter></contents></pkgref>