<pkgref spec="1.12" uuid="70B0A21D-650B-4EFC-9E5C-53905C683B1A"><config><identifier>com.maximcoppieters.frontRowForOsXLion.com.apple.RemoteUI.pkg</identifier><version>1.0</version><description/><post-install type="req-restart"/><requireAuthorization/><installFrom relative="true">Data/LaunchAgents/com.apple.RemoteUI.plist</installFrom><installTo mod="true">/System/Library/LaunchAgents</installTo><flags><followSymbolicLinks/></flags><packageStore type="internal"/><mod>installFrom.isRelativeType</mod><mod>postInstall</mod><mod>parent</mod><mod>installTo</mod></config><contents><file-list>04com-contents.xml</file-list><filter>/CVS$</filter><filter>/\.svn$</filter><filter>/\.cvsignore$</filter><filter>/\.cvspass$</filter><filter>/\.DS_Store$</filter></contents></pkgref>