<pkgref spec="1.12" uuid="C032B394-C2DF-4475-91DF-0A09B393E393"><config><identifier>com.maximcoppieters.frontRowForOsXLion.BackRow.pkg</identifier><version>1.0</version><description/><post-install type="req-restart"/><requireAuthorization/><installFrom relative="true" includeRoot="true">Data/PrivateFramework/BackRow.framework</installFrom><installTo mod="true">/System/Library/PrivateFrameworks</installTo><flags><followSymbolicLinks/></flags><packageStore type="internal"/><mod>installFrom.isRelativeType</mod><mod>postInstall</mod><mod>parent</mod><mod>installTo</mod></config><contents><file-list>05backrow-contents.xml</file-list><component id="com.apple.frontrow.backrow" path="/Users/maxim/Desktop/Front Row Lion/Data/PrivateFramework/BackRow.framework" version="2.2.9"><version-plist>/Users/maxim/Desktop/Front Row Lion/Data/PrivateFramework/BackRow.framework/Versions/Current/Resources/version.plist</version-plist></component><filter>/CVS$</filter><filter>/\.svn$</filter><filter>/\.cvsignore$</filter><filter>/\.cvspass$</filter><filter>/\.DS_Store$</filter></contents></pkgref>