<pkgref spec="1.12" uuid="F769C25D-E978-4E17-B134-725EF9828577"><config><identifier>com.maximcoppieters.frontRowForOsXLion.iPhotoAccess.pkg</identifier><version>1.0</version><description/><post-install type="req-restart"/><requireAuthorization/><installFrom relative="true" includeRoot="true">Data/PrivateFramework/iPhotoAccess.framework</installFrom><installTo mod="true">/System/Library/PrivateFrameworks</installTo><flags><followSymbolicLinks/></flags><packageStore type="internal"/><mod>installFrom.isRelativeType</mod><mod>postInstall</mod><mod>parent</mod><mod>installTo</mod></config><contents><file-list>06iphotoaccess-contents.xml</file-list><component id="com.apple.iPhotoAccessFramework" path="/Users/maxim/Desktop/Front Row Lion/Data/PrivateFramework/iPhotoAccess.framework" version="2.1"><version-plist>/Users/maxim/Desktop/Front Row Lion/Data/PrivateFramework/iPhotoAccess.framework/Versions/Current/Resources/version.plist</version-plist><component id="com.apple.framework.iPhoto.BlackAndWhiteEffect" path="/Users/maxim/Desktop/Front Row Lion/Data/PrivateFramework/iPhotoAccess.framework/Resources/Plugins/BlackAndWhiteEffect.IAPlugin" version="7.1"><version-plist>/Users/maxim/Desktop/Front Row Lion/Data/PrivateFramework/iPhotoAccess.framework/Resources/Plugins/BlackAndWhiteEffect.IAPlugin/Contents/version.plist</version-plist></component><component id="com.apple.framework.iPhoto.CubeTransition" path="/Users/maxim/Desktop/Front Row Lion/Data/PrivateFramework/iPhotoAccess.framework/Resources/Plugins/CubeTransition.IAPlugin" version="7.1"><version-plist>/Users/maxim/Desktop/Front Row Lion/Data/PrivateFramework/iPhotoAccess.framework/Resources/Plugins/CubeTransition.IAPlugin/Contents/version.plist</version-plist></component><component id="com.apple.framework.iPhoto.DissolveTransition" path="/Users/maxim/Desktop/Front Row Lion/Data/PrivateFramework/iPhotoAccess.framework/Resources/Plugins/DissolveTransition.IAPlugin" version="7.1"><version-plist>/Users/maxim/Desktop/Front Row Lion/Data/PrivateFramework/iPhotoAccess.framework/Resources/Plugins/DissolveTransition.IAPlugin/Contents/version.plist</version-plist></component><component id="com.apple.framework.iPhoto.DropletTransition" path="/Users/maxim/Desktop/Front Row Lion/Data/PrivateFramework/iPhotoAccess.framework/Resources/Plugins/DropletTransition.IAPlugin" version="7.1"><version-plist>/Users/maxim/Desktop/Front Row Lion/Data/PrivateFramework/iPhotoAccess.framework/Resources/Plugins/DropletTransition.IAPlugin/Contents/version.plist</version-plist></component><component id="com.apple.framework.iPhoto.FadeThroughBlackTransition" path="/Users/maxim/Desktop/Front Row Lion/Data/PrivateFramework/iPhotoAccess.framework/Resources/Plugins/FadeThroughBlackTransition.IAPlugin" version="7.1"><version-plist>/Users/maxim/Desktop/Front Row Lion/Data/PrivateFramework/iPhotoAccess.framework/Resources/Plugins/FadeThroughBlackTransition.IAPlugin/Contents/version.plist</version-plist></component><component id="com.apple.framework.iPhoto.FlipTransition" path="/Users/maxim/Desktop/Front Row Lion/Data/PrivateFramework/iPhotoAccess.framework/Resources/Plugins/FlipTransition.IAPlugin" version="7.1"><version-plist>/Users/maxim/Desktop/Front Row Lion/Data/PrivateFramework/iPhotoAccess.framework/Resources/Plugins/FlipTransition.IAPlugin/Contents/version.plist</version-plist></component><component id="com.apple.framework.iPhoto.MosaicFlipTransition" path="/Users/maxim/Desktop/Front Row Lion/Data/PrivateFramework/iPhotoAccess.framework/Resources/Plugins/MosaicFlipTransition.IAPlugin" version="7.1"><version-plist>/Users/maxim/Desktop/Front Row Lion/Data/PrivateFramework/iPhotoAccess.framework/Resources/Plugins/MosaicFlipTransition.IAPlugin/Contents/version.plist</version-plist></component><component id="com.apple.framework.iPhoto.MosaicFlipTransitionSmall" path="/Users/maxim/Desktop/Front Row Lion/Data/PrivateFramework/iPhotoAccess.framework/Resources/Plugins/MosaicFlipTransitionSmall.IAPlugin" version="7.1"><version-plist>/Users/maxim/Desktop/Front Row Lion/Data/PrivateFramework/iPhotoAccess.framework/Resources/Plugins/MosaicFlipTransitionSmall.IAPlugin/Contents/version.plist</version-plist></component><component id="com.apple.framework.iPhoto.PageFlipTransition" path="/Users/maxim/Desktop/Front Row Lion/Data/PrivateFramework/iPhotoAccess.framework/Resources/Plugins/PageFlipTransition.IAPlugin" version="7.1"><version-plist>/Users/maxim/Desktop/Front Row Lion/Data/PrivateFramework/iPhotoAccess.framework/Resources/Plugins/PageFlipTransition.IAPlugin/Contents/version.plist</version-plist></component><component id="com.apple.framework.iPhoto.PushTransition" path="/Users/maxim/Desktop/Front Row Lion/Data/PrivateFramework/iPhotoAccess.framework/Resources/Plugins/PushTransition.IAPlugin" version="7.1"><version-plist>/Users/maxim/Desktop/Front Row Lion/Data/PrivateFramework/iPhotoAccess.framework/Resources/Plugins/PushTransition.IAPlugin/Contents/version.plist</version-plist></component><component id="com.apple.framework.iPhoto.RevealTransition" path="/Users/maxim/Desktop/Front Row Lion/Data/PrivateFramework/iPhotoAccess.framework/Resources/Plugins/RevealTransition.IAPlugin" version="7.1"><version-plist>/Users/maxim/Desktop/Front Row Lion/Data/PrivateFramework/iPhotoAccess.framework/Resources/Plugins/RevealTransition.IAPlugin/Contents/version.plist</version-plist></component><component id="com.apple.framework.iPhoto.SepiaEffect" path="/Users/maxim/Desktop/Front Row Lion/Data/PrivateFramework/iPhotoAccess.framework/Resources/Plugins/SepiaEffect.IAPlugin" version="7.1"><version-plist>/Users/maxim/Desktop/Front Row Lion/Data/PrivateFramework/iPhotoAccess.framework/Resources/Plugins/SepiaEffect.IAPlugin/Contents/version.plist</version-plist></component><component id="com.apple.framework.iPhoto.TwirlTransition" path="/Users/maxim/Desktop/Front Row Lion/Data/PrivateFramework/iPhotoAccess.framework/Resources/Plugins/TwirlTransition.IAPlugin" version="7.1"><version-plist>/Users/maxim/Desktop/Front Row Lion/Data/PrivateFramework/iPhotoAccess.framework/Resources/Plugins/TwirlTransition.IAPlugin/Contents/version.plist</version-plist></component><component id="com.apple.framework.iPhoto.WipeTransition" path="/Users/maxim/Desktop/Front Row Lion/Data/PrivateFramework/iPhotoAccess.framework/Resources/Plugins/WipeTransition.IAPlugin" version="7.1"><version-plist>/Users/maxim/Desktop/Front Row Lion/Data/PrivateFramework/iPhotoAccess.framework/Resources/Plugins/WipeTransition.IAPlugin/Contents/version.plist</version-plist></component><component id="com.apple.framework.iPhoto.BlackAndWhiteEffect" path="/Users/maxim/Desktop/Front Row Lion/Data/PrivateFramework/iPhotoAccess.framework/Versions/A/Resources/Plugins/BlackAndWhiteEffect.IAPlugin" version="7.1"><version-plist>/Users/maxim/Desktop/Front Row Lion/Data/PrivateFramework/iPhotoAccess.framework/Versions/A/Resources/Plugins/BlackAndWhiteEffect.IAPlugin/Contents/version.plist</version-plist></component><component id="com.apple.framework.iPhoto.CubeTransition" path="/Users/maxim/Desktop/Front Row Lion/Data/PrivateFramework/iPhotoAccess.framework/Versions/A/Resources/Plugins/CubeTransition.IAPlugin" version="7.1"><version-plist>/Users/maxim/Desktop/Front Row Lion/Data/PrivateFramework/iPhotoAccess.framework/Versions/A/Resources/Plugins/CubeTransition.IAPlugin/Contents/version.plist</version-plist></component><component id="com.apple.framework.iPhoto.DissolveTransition" path="/Users/maxim/Desktop/Front Row Lion/Data/PrivateFramework/iPhotoAccess.framework/Versions/A/Resources/Plugins/DissolveTransition.IAPlugin" version="7.1"><version-plist>/Users/maxim/Desktop/Front Row Lion/Data/PrivateFramework/iPhotoAccess.framework/Versions/A/Resources/Plugins/DissolveTransition.IAPlugin/Contents/version.plist</version-plist></component><component id="com.apple.framework.iPhoto.DropletTransition" path="/Users/maxim/Desktop/Front Row Lion/Data/PrivateFramework/iPhotoAccess.framework/Versions/A/Resources/Plugins/DropletTransition.IAPlugin" version="7.1"><version-plist>/Users/maxim/Desktop/Front Row Lion/Data/PrivateFramework/iPhotoAccess.framework/Versions/A/Resources/Plugins/DropletTransition.IAPlugin/Contents/version.plist</version-plist></component><component id="com.apple.framework.iPhoto.FadeThroughBlackTransition" path="/Users/maxim/Desktop/Front Row Lion/Data/PrivateFramework/iPhotoAccess.framework/Versions/A/Resources/Plugins/FadeThroughBlackTransition.IAPlugin" version="7.1"><version-plist>/Users/maxim/Desktop/Front Row Lion/Data/PrivateFramework/iPhotoAccess.framework/Versions/A/Resources/Plugins/FadeThroughBlackTransition.IAPlugin/Contents/version.plist</version-plist></component><component id="com.apple.framework.iPhoto.FlipTransition" path="/Users/maxim/Desktop/Front Row Lion/Data/PrivateFramework/iPhotoAccess.framework/Versions/A/Resources/Plugins/FlipTransition.IAPlugin" version="7.1"><version-plist>/Users/maxim/Desktop/Front Row Lion/Data/PrivateFramework/iPhotoAccess.framework/Versions/A/Resources/Plugins/FlipTransition.IAPlugin/Contents/version.plist</version-plist></component><component id="com.apple.framework.iPhoto.MosaicFlipTransition" path="/Users/maxim/Desktop/Front Row Lion/Data/PrivateFramework/iPhotoAccess.framework/Versions/A/Resources/Plugins/MosaicFlipTransition.IAPlugin" version="7.1"><version-plist>/Users/maxim/Desktop/Front Row Lion/Data/PrivateFramework/iPhotoAccess.framework/Versions/A/Resources/Plugins/MosaicFlipTransition.IAPlugin/Contents/version.plist</version-plist></component><component id="com.apple.framework.iPhoto.MosaicFlipTransitionSmall" path="/Users/maxim/Desktop/Front Row Lion/Data/PrivateFramework/iPhotoAccess.framework/Versions/A/Resources/Plugins/MosaicFlipTransitionSmall.IAPlugin" version="7.1"><version-plist>/Users/maxim/Desktop/Front Row Lion/Data/PrivateFramework/iPhotoAccess.framework/Versions/A/Resources/Plugins/MosaicFlipTransitionSmall.IAPlugin/Contents/version.plist</version-plist></component><component id="com.apple.framework.iPhoto.PageFlipTransition" path="/Users/maxim/Desktop/Front Row Lion/Data/PrivateFramework/iPhotoAccess.framework/Versions/A/Resources/Plugins/PageFlipTransition.IAPlugin" version="7.1"><version-plist>/Users/maxim/Desktop/Front Row Lion/Data/PrivateFramework/iPhotoAccess.framework/Versions/A/Resources/Plugins/PageFlipTransition.IAPlugin/Contents/version.plist</version-plist></component><component id="com.apple.framework.iPhoto.PushTransition" path="/Users/maxim/Desktop/Front Row Lion/Data/PrivateFramework/iPhotoAccess.framework/Versions/A/Resources/Plugins/PushTransition.IAPlugin" version="7.1"><version-plist>/Users/maxim/Desktop/Front Row Lion/Data/PrivateFramework/iPhotoAccess.framework/Versions/A/Resources/Plugins/PushTransition.IAPlugin/Contents/version.plist</version-plist></component><component id="com.apple.framework.iPhoto.RevealTransition" path="/Users/maxim/Desktop/Front Row Lion/Data/PrivateFramework/iPhotoAccess.framework/Versions/A/Resources/Plugins/RevealTransition.IAPlugin" version="7.1"><version-plist>/Users/maxim/Desktop/Front Row Lion/Data/PrivateFramework/iPhotoAccess.framework/Versions/A/Resources/Plugins/RevealTransition.IAPlugin/Contents/version.plist</version-plist></component><component id="com.apple.framework.iPhoto.SepiaEffect" path="/Users/maxim/Desktop/Front Row Lion/Data/PrivateFramework/iPhotoAccess.framework/Versions/A/Resources/Plugins/SepiaEffect.IAPlugin" version="7.1"><version-plist>/Users/maxim/Desktop/Front Row Lion/Data/PrivateFramework/iPhotoAccess.framework/Versions/A/Resources/Plugins/SepiaEffect.IAPlugin/Contents/version.plist</version-plist></component><component id="com.apple.framework.iPhoto.TwirlTransition" path="/Users/maxim/Desktop/Front Row Lion/Data/PrivateFramework/iPhotoAccess.framework/Versions/A/Resources/Plugins/TwirlTransition.IAPlugin" version="7.1"><version-plist>/Users/maxim/Desktop/Front Row Lion/Data/PrivateFramework/iPhotoAccess.framework/Versions/A/Resources/Plugins/TwirlTransition.IAPlugin/Contents/version.plist</version-plist></component><component id="com.apple.framework.iPhoto.WipeTransition" path="/Users/maxim/Desktop/Front Row Lion/Data/PrivateFramework/iPhotoAccess.framework/Versions/A/Resources/Plugins/WipeTransition.IAPlugin" version="7.1"><version-plist>/Users/maxim/Desktop/Front Row Lion/Data/PrivateFramework/iPhotoAccess.framework/Versions/A/Resources/Plugins/WipeTransition.IAPlugin/Contents/version.plist</version-plist></component><component id="com.apple.framework.iPhoto.BlackAndWhiteEffect" path="/Users/maxim/Desktop/Front Row Lion/Data/PrivateFramework/iPhotoAccess.framework/Versions/Current/Resources/Plugins/BlackAndWhiteEffect.IAPlugin" version="7.1"><version-plist>/Users/maxim/Desktop/Front Row Lion/Data/PrivateFramework/iPhotoAccess.framework/Versions/Current/Resources/Plugins/BlackAndWhiteEffect.IAPlugin/Contents/version.plist</version-plist></component><component id="com.apple.framework.iPhoto.CubeTransition" path="/Users/maxim/Desktop/Front Row Lion/Data/PrivateFramework/iPhotoAccess.framework/Versions/Current/Resources/Plugins/CubeTransition.IAPlugin" version="7.1"><version-plist>/Users/maxim/Desktop/Front Row Lion/Data/PrivateFramework/iPhotoAccess.framework/Versions/Current/Resources/Plugins/CubeTransition.IAPlugin/Contents/version.plist</version-plist></component><component id="com.apple.framework.iPhoto.DissolveTransition" path="/Users/maxim/Desktop/Front Row Lion/Data/PrivateFramework/iPhotoAccess.framework/Versions/Current/Resources/Plugins/DissolveTransition.IAPlugin" version="7.1"><version-plist>/Users/maxim/Desktop/Front Row Lion/Data/PrivateFramework/iPhotoAccess.framework/Versions/Current/Resources/Plugins/DissolveTransition.IAPlugin/Contents/version.plist</version-plist></component><component id="com.apple.framework.iPhoto.DropletTransition" path="/Users/maxim/Desktop/Front Row Lion/Data/PrivateFramework/iPhotoAccess.framework/Versions/Current/Resources/Plugins/DropletTransition.IAPlugin" version="7.1"><version-plist>/Users/maxim/Desktop/Front Row Lion/Data/PrivateFramework/iPhotoAccess.framework/Versions/Current/Resources/Plugins/DropletTransition.IAPlugin/Contents/version.plist</version-plist></component><component id="com.apple.framework.iPhoto.FadeThroughBlackTransition" path="/Users/maxim/Desktop/Front Row Lion/Data/PrivateFramework/iPhotoAccess.framework/Versions/Current/Resources/Plugins/FadeThroughBlackTransition.IAPlugin" version="7.1"><version-plist>/Users/maxim/Desktop/Front Row Lion/Data/PrivateFramework/iPhotoAccess.framework/Versions/Current/Resources/Plugins/FadeThroughBlackTransition.IAPlugin/Contents/version.plist</version-plist></component><component id="com.apple.framework.iPhoto.FlipTransition" path="/Users/maxim/Desktop/Front Row Lion/Data/PrivateFramework/iPhotoAccess.framework/Versions/Current/Resources/Plugins/FlipTransition.IAPlugin" version="7.1"><version-plist>/Users/maxim/Desktop/Front Row Lion/Data/PrivateFramework/iPhotoAccess.framework/Versions/Current/Resources/Plugins/FlipTransition.IAPlugin/Contents/version.plist</version-plist></component><component id="com.apple.framework.iPhoto.MosaicFlipTransition" path="/Users/maxim/Desktop/Front Row Lion/Data/PrivateFramework/iPhotoAccess.framework/Versions/Current/Resources/Plugins/MosaicFlipTransition.IAPlugin" version="7.1"><version-plist>/Users/maxim/Desktop/Front Row Lion/Data/PrivateFramework/iPhotoAccess.framework/Versions/Current/Resources/Plugins/MosaicFlipTransition.IAPlugin/Contents/version.plist</version-plist></component><component id="com.apple.framework.iPhoto.MosaicFlipTransitionSmall" path="/Users/maxim/Desktop/Front Row Lion/Data/PrivateFramework/iPhotoAccess.framework/Versions/Current/Resources/Plugins/MosaicFlipTransitionSmall.IAPlugin" version="7.1"><version-plist>/Users/maxim/Desktop/Front Row Lion/Data/PrivateFramework/iPhotoAccess.framework/Versions/Current/Resources/Plugins/MosaicFlipTransitionSmall.IAPlugin/Contents/version.plist</version-plist></component><component id="com.apple.framework.iPhoto.PageFlipTransition" path="/Users/maxim/Desktop/Front Row Lion/Data/PrivateFramework/iPhotoAccess.framework/Versions/Current/Resources/Plugins/PageFlipTransition.IAPlugin" version="7.1"><version-plist>/Users/maxim/Desktop/Front Row Lion/Data/PrivateFramework/iPhotoAccess.framework/Versions/Current/Resources/Plugins/PageFlipTransition.IAPlugin/Contents/version.plist</version-plist></component><component id="com.apple.framework.iPhoto.PushTransition" path="/Users/maxim/Desktop/Front Row Lion/Data/PrivateFramework/iPhotoAccess.framework/Versions/Current/Resources/Plugins/PushTransition.IAPlugin" version="7.1"><version-plist>/Users/maxim/Desktop/Front Row Lion/Data/PrivateFramework/iPhotoAccess.framework/Versions/Current/Resources/Plugins/PushTransition.IAPlugin/Contents/version.plist</version-plist></component><component id="com.apple.framework.iPhoto.RevealTransition" path="/Users/maxim/Desktop/Front Row Lion/Data/PrivateFramework/iPhotoAccess.framework/Versions/Current/Resources/Plugins/RevealTransition.IAPlugin" version="7.1"><version-plist>/Users/maxim/Desktop/Front Row Lion/Data/PrivateFramework/iPhotoAccess.framework/Versions/Current/Resources/Plugins/RevealTransition.IAPlugin/Contents/version.plist</version-plist></component><component id="com.apple.framework.iPhoto.SepiaEffect" path="/Users/maxim/Desktop/Front Row Lion/Data/PrivateFramework/iPhotoAccess.framework/Versions/Current/Resources/Plugins/SepiaEffect.IAPlugin" version="7.1"><version-plist>/Users/maxim/Desktop/Front Row Lion/Data/PrivateFramework/iPhotoAccess.framework/Versions/Current/Resources/Plugins/SepiaEffect.IAPlugin/Contents/version.plist</version-plist></component><component id="com.apple.framework.iPhoto.TwirlTransition" path="/Users/maxim/Desktop/Front Row Lion/Data/PrivateFramework/iPhotoAccess.framework/Versions/Current/Resources/Plugins/TwirlTransition.IAPlugin" version="7.1"><version-plist>/Users/maxim/Desktop/Front Row Lion/Data/PrivateFramework/iPhotoAccess.framework/Versions/Current/Resources/Plugins/TwirlTransition.IAPlugin/Contents/version.plist</version-plist></component><component id="com.apple.framework.iPhoto.WipeTransition" path="/Users/maxim/Desktop/Front Row Lion/Data/PrivateFramework/iPhotoAccess.framework/Versions/Current/Resources/Plugins/WipeTransition.IAPlugin" version="7.1"><version-plist>/Users/maxim/Desktop/Front Row Lion/Data/PrivateFramework/iPhotoAccess.framework/Versions/Current/Resources/Plugins/WipeTransition.IAPlugin/Contents/version.plist</version-plist></component></component><filter>/CVS$</filter><filter>/\.svn$</filter><filter>/\.cvsignore$</filter><filter>/\.cvspass$</filter><filter>/\.DS_Store$</filter></contents></pkgref>