<pkgref spec="1.12" uuid="68CC2A84-9D5C-4963-889F-559CE84E2308"><config><identifier>com.maximcoppieters.frontRowForOsXMountainLion.InstalledFiles.pkg</identifier><version>1.0</version><description></description><post-install type="none"/><requireAuthorization/><installFrom relative="true">Data/Installed Files.rtf</installFrom><installTo mod="true">/Applications/Front Row</installTo><flags><followSymbolicLinks/></flags><packageStore type="internal"></packageStore><mod>installTo.isRelativeType</mod><mod>installTo</mod><mod>postInstall</mod><mod>installTo.isAbsoluteType</mod><mod>parent</mod><mod>installTo.path</mod><mod>installFrom.isRelativeType</mod></config><contents><file-list>01installed-contents.xml</file-list><filter>/CVS$</filter><filter>/\.svn$</filter><filter>/\.cvsignore$</filter><filter>/\.cvspass$</filter><filter>/\.DS_Store$</filter></contents></pkgref>