<pkgref spec="1.12" uuid="8987DE06-060D-4736-AE59-EF9D2E52A20A"><config><identifier>com.maximcoppieters.frontRowForOsXMountainLion.FrontRow.pkg</identifier><version>1.0</version><description></description><post-install type="req-restart"/><requireAuthorization/><installFrom relative="true" includeRoot="true">Data/CoreServices/Front Row.app</installFrom><installTo mod="true">/System/Library/CoreServices</installTo><flags><followSymbolicLinks/></flags><packageStore type="internal"></packageStore><mod>installFrom.isRelativeType</mod><mod>postInstall</mod><mod>relocatable</mod><mod>parent</mod><mod>installTo</mod></config><contents><file-list>02front-contents.xml</file-list><component id="com.apple.frontrow" path="/Users/maxim/Desktop/Front Row Mountain Lion/Data/CoreServices/Front Row.app" version="2.2.1"><version-plist>/Users/maxim/Desktop/Front Row Mountain Lion/Data/CoreServices/Front Row.app/Contents/version.plist</version-plist><component id="com.apple.frontrow.appliance.dvd" path="/Users/maxim/Desktop/Front Row Mountain Lion/Data/CoreServices/Front Row.app/Contents/PlugIns/DVD.frappliance" version="2.2.9"><version-plist>/Users/maxim/Desktop/Front Row Mountain Lion/Data/CoreServices/Front Row.app/Contents/PlugIns/DVD.frappliance/Contents/version.plist</version-plist></component><component id="com.apple.frontrow.appliance.frsettings" path="/Users/maxim/Desktop/Front Row Mountain Lion/Data/CoreServices/Front Row.app/Contents/PlugIns/FRSettings.frappliance" version="2.2.9"><version-plist>/Users/maxim/Desktop/Front Row Mountain Lion/Data/CoreServices/Front Row.app/Contents/PlugIns/FRSettings.frappliance/Contents/version.plist</version-plist></component><component id="com.apple.frontrow.appliance.frsources" path="/Users/maxim/Desktop/Front Row Mountain Lion/Data/CoreServices/Front Row.app/Contents/PlugIns/FRSources.frappliance" version="2.2.9"><version-plist>/Users/maxim/Desktop/Front Row Mountain Lion/Data/CoreServices/Front Row.app/Contents/PlugIns/FRSources.frappliance/Contents/version.plist</version-plist></component><component id="com.apple.frontrow.appliance.movies" path="/Users/maxim/Desktop/Front Row Mountain Lion/Data/CoreServices/Front Row.app/Contents/PlugIns/Movies.frappliance" version="2.2.9"><version-plist>/Users/maxim/Desktop/Front Row Mountain Lion/Data/CoreServices/Front Row.app/Contents/PlugIns/Movies.frappliance/Contents/version.plist</version-plist></component><component id="com.apple.frontrow.appliance.music" path="/Users/maxim/Desktop/Front Row Mountain Lion/Data/CoreServices/Front Row.app/Contents/PlugIns/Music.frappliance" version="2.2.9"><version-plist>/Users/maxim/Desktop/Front Row Mountain Lion/Data/CoreServices/Front Row.app/Contents/PlugIns/Music.frappliance/Contents/version.plist</version-plist></component><component id="com.apple.frontrow.appliance.frphotos" path="/Users/maxim/Desktop/Front Row Mountain Lion/Data/CoreServices/Front Row.app/Contents/PlugIns/Photos.frappliance" version="2.2.9"><version-plist>/Users/maxim/Desktop/Front Row Mountain Lion/Data/CoreServices/Front Row.app/Contents/PlugIns/Photos.frappliance/Contents/version.plist</version-plist></component><component id="com.apple.frontrow.appliance.podcast" path="/Users/maxim/Desktop/Front Row Mountain Lion/Data/CoreServices/Front Row.app/Contents/PlugIns/Podcasts.frappliance" version="2.2.9"><version-plist>/Users/maxim/Desktop/Front Row Mountain Lion/Data/CoreServices/Front Row.app/Contents/PlugIns/Podcasts.frappliance/Contents/version.plist</version-plist></component><component id="com.apple.frontrow.appliance.tv" path="/Users/maxim/Desktop/Front Row Mountain Lion/Data/CoreServices/Front Row.app/Contents/PlugIns/TV.frappliance" version="2.2.9"><version-plist>/Users/maxim/Desktop/Front Row Mountain Lion/Data/CoreServices/Front Row.app/Contents/PlugIns/TV.frappliance/Contents/version.plist</version-plist></component></component><filter>/CVS$</filter><filter>/\.svn$</filter><filter>/\.cvsignore$</filter><filter>/\.cvspass$</filter><filter>/\.DS_Store$</filter></contents></pkgref>