<pkg-contents spec="1.12"><f n="BackRow.framework" o="maxim" g="staff" p="16877" pt="/Users/maxim/Desktop/Front Row Mountain Lion/Data/PrivateFramework/BackRow.framework" m="false" t="file"><f n=".DS_Store" o="maxim" g="staff" p="33188"/><f n="BackRow" o="maxim" g="staff" p="41453"/><f n="CodeResources" o="maxim" g="staff" p="41453"/><f n="Resources" o="maxim" g="staff" p="41453"><f n="AirportBars0.png" o="maxim" g="staff" p="33188"/><f n="AirportBars1.png" o="maxim" g="staff" p="33188"/><f n="AirportBars2.png" o="maxim" g="staff" p="33188"/><f n="AirportBars3.png" o="maxim" g="staff" p="33188"/><f n="AirportBars4.png" o="maxim" g="staff" p="33188"/><f n="AirportBars5.png" o="maxim" g="staff" p="33188"/><f n="Alert!.png" o="maxim" g="staff" p="33188"/><f n="AudioBook.png" o="maxim" g="staff" p="33188"/><f n="BackArrow.png" o="maxim" g="staff" p="33188"/><f n="BackRow-Info.plist" o="maxim" g="staff" p="33188"/><f n="ComboRowDropShadow.png" o="maxim" g="staff" p="33188"/><f n="da.lproj" o="maxim" g="staff" p="16877"><f n="BRErrorFailureReasons.strings" o="maxim" g="staff" p="33188"/><f n="BRErrorRecoverySuggestions.strings" o="maxim" g="staff" p="33188"/><f n="InfoPlist.strings" o="maxim" g="staff" p="33188"/><f n="Localizable.plist" o="maxim" g="staff" p="33188"/><f n="Localizable.strings" o="maxim" g="staff" p="33188"/></f><f n="Dutch.lproj" o="maxim" g="staff" p="16877"><f n="BRErrorFailureReasons.strings" o="maxim" g="staff" p="33188"/><f n="BRErrorRecoverySuggestions.strings" o="maxim" g="staff" p="33188"/><f n="InfoPlist.strings" o="maxim" g="staff" p="33188"/><f n="Localizable.plist" o="maxim" g="staff" p="33188"/><f n="Localizable.strings" o="maxim" g="staff" p="33188"/></f><f n="EmptyDownArrow.png" o="maxim" g="staff" p="33188"/><f n="EmptyUpArrow.png" o="maxim" g="staff" p="33188"/><f n="English.lproj" o="maxim" g="staff" p="16877"><f n="BRErrorFailureReasons.strings" o="maxim" g="staff" p="33188"/><f n="BRErrorRecoverySuggestions.strings" o="maxim" g="staff" p="33188"/><f n="InfoPlist.strings" o="maxim" g="staff" p="33188"/><f n="Localizable.plist" o="maxim" g="staff" p="33188"/><f n="Localizable.strings" o="maxim" g="staff" p="33188"/></f><f n="ErrorTriangle_v1.png" o="maxim" g="staff" p="33188"/><f n="Exit.aif" o="maxim" g="staff" p="33188"/><f n="Explicit.png" o="maxim" g="staff" p="33188"/><f n="FastForward.png" o="maxim" g="staff" p="33188"/><f n="FFx1.png" o="maxim" g="staff" p="33188"/><f n="FFx2.png" o="maxim" g="staff" p="33188"/><f n="FFx3.png" o="maxim" g="staff" p="33188"/><f n="fi.lproj" o="maxim" g="staff" p="16877"><f n="BRErrorFailureReasons.strings" o="maxim" g="staff" p="33188"/><f n="BRErrorRecoverySuggestions.strings" o="maxim" g="staff" p="33188"/><f n="InfoPlist.strings" o="maxim" g="staff" p="33188"/><f n="Localizable.plist" o="maxim" g="staff" p="33188"/><f n="Localizable.strings" o="maxim" g="staff" p="33188"/></f><f n="French.lproj" o="maxim" g="staff" p="16877"><f n="BRErrorFailureReasons.strings" o="maxim" g="staff" p="33188"/><f n="BRErrorRecoverySuggestions.strings" o="maxim" g="staff" p="33188"/><f n="InfoPlist.strings" o="maxim" g="staff" p="33188"/><f n="Localizable.plist" o="maxim" g="staff" p="33188"/><f n="Localizable.strings" o="maxim" g="staff" p="33188"/></f><f n="FullDownArrow.png" o="maxim" g="staff" p="33188"/><f n="FullUpArrow.png" o="maxim" g="staff" p="33188"/><f n="GearIcon.png" o="maxim" g="staff" p="33188"/><f n="German.lproj" o="maxim" g="staff" p="16877"><f n="BRErrorFailureReasons.strings" o="maxim" g="staff" p="33188"/><f n="BRErrorRecoverySuggestions.strings" o="maxim" g="staff" p="33188"/><f n="InfoPlist.strings" o="maxim" g="staff" p="33188"/><f n="Localizable.plist" o="maxim" g="staff" p="33188"/><f n="Localizable.strings" o="maxim" g="staff" p="33188"/></f><f n="GlowingAppleLogo.png" o="maxim" g="staff" p="33188"/><f n="GoBackArrow.png" o="maxim" g="staff" p="33188"/><f n="GrayProgress_Center_OFF.png" o="maxim" g="staff" p="33188"/><f n="GrayProgress_Center_ON.png" o="maxim" g="staff" p="33188"/><f n="GrayProgress_CenterCap_ON.png" o="maxim" g="staff" p="33188"/><f n="GrayProgress_LeftCap_OFF.png" o="maxim" g="staff" p="33188"/><f n="GrayProgress_LeftCap_ON.png" o="maxim" g="staff" p="33188"/><f n="GrayProgress_RightCap_OFF.png" o="maxim" g="staff" p="33188"/><f n="GrayProgress_RightCap_ON.png" o="maxim" g="staff" p="33188"/><f n="Info.plist" o="maxim" g="staff" p="33188"/><f n="IPv4Highlight_Center.png" o="maxim" g="staff" p="33188"/><f n="IPv4Highlight_Left.png" o="maxim" g="staff" p="33188"/><f n="IPv4Highlight_Right.png" o="maxim" g="staff" p="33188"/><f n="IPv4OctetBackground.png" o="maxim" g="staff" p="33188"/><f n="Italian.lproj" o="maxim" g="staff" p="16877"><f n="BRErrorFailureReasons.strings" o="maxim" g="staff" p="33188"/><f n="BRErrorRecoverySuggestions.strings" o="maxim" g="staff" p="33188"/><f n="InfoPlist.strings" o="maxim" g="staff" p="33188"/><f n="Localizable.plist" o="maxim" g="staff" p="33188"/><f n="Localizable.strings" o="maxim" g="staff" p="33188"/></f><f n="iTunesAppIcon.png" o="maxim" g="staff" p="33188"/><f n="iTunesPairing.png" o="maxim" g="staff" p="33188"/><f n="Japanese.lproj" o="maxim" g="staff" p="16877"><f n="BRErrorFailureReasons.strings" o="maxim" g="staff" p="33188"/><f n="BRErrorRecoverySuggestions.strings" o="maxim" g="staff" p="33188"/><f n="InfoPlist.strings" o="maxim" g="staff" p="33188"/><f n="Localizable.plist" o="maxim" g="staff" p="33188"/><f n="Localizable.strings" o="maxim" g="staff" p="33188"/></f><f n="ko.lproj" o="maxim" g="staff" p="16877"><f n="BRErrorFailureReasons.strings" o="maxim" g="staff" p="33188"/><f n="BRErrorRecoverySuggestions.strings" o="maxim" g="staff" p="33188"/><f n="InfoPlist.strings" o="maxim" g="staff" p="33188"/><f n="Localizable.plist" o="maxim" g="staff" p="33188"/><f n="Localizable.strings" o="maxim" g="staff" p="33188"/></f><f n="Left_Dark_End_Cap.png" o="maxim" g="staff" p="33188"/><f n="Limit.aif" o="maxim" g="staff" p="33188"/><f n="LinkedConnectArrow_off.png" o="maxim" g="staff" p="33188"/><f n="LinkedConnectArrow_on.png" o="maxim" g="staff" p="33188"/><f n="LowBattery_OFF.png" o="maxim" g="staff" p="33188"/><f n="LowBattery_ON.png" o="maxim" g="staff" p="33188"/><f n="MagGlass.png" o="maxim" g="staff" p="33188"/><f n="Movies.png" o="maxim" g="staff" p="33188"/><f n="Music.png" o="maxim" g="staff" p="33188"/><f n="Network.png" o="maxim" g="staff" p="33188"/><f n="no.lproj" o="maxim" g="staff" p="16877"><f n="BRErrorFailureReasons.strings" o="maxim" g="staff" p="33188"/><f n="BRErrorRecoverySuggestions.strings" o="maxim" g="staff" p="33188"/><f n="InfoPlist.strings" o="maxim" g="staff" p="33188"/><f n="Localizable.plist" o="maxim" g="staff" p="33188"/><f n="Localizable.strings" o="maxim" g="staff" p="33188"/></f><f n="NowPlayingPlayhead.png" o="maxim" g="staff" p="33188"/><f n="NowPlayingRepeatIcon.png" o="maxim" g="staff" p="33188"/><f n="NowPlayingShuffleIcon.png" o="maxim" g="staff" p="33188"/><f n="NowPlayingTransport.png" o="maxim" g="staff" p="33188"/><f n="Pairing_OFF.png" o="maxim" g="staff" p="33188"/><f n="Pairing_ON.png" o="maxim" g="staff" p="33188"/><f n="passCodeBox.png" o="maxim" g="staff" p="33188"/><f n="PasscodeHighlight_Arrows.png" o="maxim" g="staff" p="33188"/><f n="PasscodeHighlight_Center.png" o="maxim" g="staff" p="33188"/><f n="PasscodeHighlight_Left.png" o="maxim" g="staff" p="33188"/><f n="PasscodeHighlight_Right.png" o="maxim" g="staff" p="33188"/><f n="Pause.png" o="maxim" g="staff" p="33188"/><f n="Photos.png" o="maxim" g="staff" p="33188"/><f n="PhotoSettingsIcon.png" o="maxim" g="staff" p="33188"/><f n="pl.lproj" o="maxim" g="staff" p="16877"><f n="BRErrorFailureReasons.strings" o="maxim" g="staff" p="33188"/><f n="BRErrorRecoverySuggestions.strings" o="maxim" g="staff" p="33188"/><f n="InfoPlist.strings" o="maxim" g="staff" p="33188"/><f n="Localizable.plist" o="maxim" g="staff" p="33188"/><f n="Localizable.strings" o="maxim" g="staff" p="33188"/></f><f n="Play.png" o="maxim" g="staff" p="33188"/><f n="Played.png" o="maxim" g="staff" p="33188"/><f n="PlayHead.png" o="maxim" g="staff" p="33188"/><f n="Podcast.png" o="maxim" g="staff" p="33188"/><f n="Progress_Center_OFF.png" o="maxim" g="staff" p="33188"/><f n="Progress_Center_ON.png" o="maxim" g="staff" p="33188"/><f n="Progress_End_OFF.png" o="maxim" g="staff" p="33188"/><f n="Progress_End_ON.png" o="maxim" g="staff" p="33188"/><f n="Progress_Start_OFF.png" o="maxim" g="staff" p="33188"/><f n="Progress_Start_ON.png" o="maxim" g="staff" p="33188"/><f n="pt.lproj" o="maxim" g="staff" p="16877"><f n="BRErrorFailureReasons.strings" o="maxim" g="staff" p="33188"/><f n="BRErrorRecoverySuggestions.strings" o="maxim" g="staff" p="33188"/><f n="InfoPlist.strings" o="maxim" g="staff" p="33188"/><f n="Localizable.plist" o="maxim" g="staff" p="33188"/><f n="Localizable.strings" o="maxim" g="staff" p="33188"/></f><f n="pt_PT.lproj" o="maxim" g="staff" p="16877"><f n="BRErrorFailureReasons.strings" o="maxim" g="staff" p="33188"/><f n="BRErrorRecoverySuggestions.strings" o="maxim" g="staff" p="33188"/><f n="InfoPlist.strings" o="maxim" g="staff" p="33188"/><f n="Localizable.plist" o="maxim" g="staff" p="33188"/><f n="Localizable.strings" o="maxim" g="staff" p="33188"/></f><f n="Rated_G.png" o="maxim" g="staff" p="33188"/><f n="Rated_NOTRATED.png" o="maxim" g="staff" p="33188"/><f n="Rated_PG.png" o="maxim" g="staff" p="33188"/><f n="Rated_PG13.png" o="maxim" g="staff" p="33188"/><f n="Rated_R.png" o="maxim" g="staff" p="33188"/><f n="Rated_UNRATED.png" o="maxim" g="staff" p="33188"/><f n="ReturnToArrow_off.png" o="maxim" g="staff" p="33188"/><f n="ReturnToArrow_on.png" o="maxim" g="staff" p="33188"/><f n="Rewind.png" o="maxim" g="staff" p="33188"/><f n="Right_Dark_End_Cap.png" o="maxim" g="staff" p="33188"/><f n="ru.lproj" o="maxim" g="staff" p="16877"><f n="BRErrorFailureReasons.strings" o="maxim" g="staff" p="33188"/><f n="BRErrorRecoverySuggestions.strings" o="maxim" g="staff" p="33188"/><f n="InfoPlist.strings" o="maxim" g="staff" p="33188"/><f n="Localizable.plist" o="maxim" g="staff" p="33188"/><f n="Localizable.strings" o="maxim" g="staff" p="33188"/></f><f n="RWx1.png" o="maxim" g="staff" p="33188"/><f n="RWx2.png" o="maxim" g="staff" p="33188"/><f n="RWx3.png" o="maxim" g="staff" p="33188"/><f n="SelectedSetting.png" o="maxim" g="staff" p="33188"/><f n="SelectedSettingHighlighted.png" o="maxim" g="staff" p="33188"/><f n="Selection.aif" o="maxim" g="staff" p="33188"/><f n="SelectionBottom.png" o="maxim" g="staff" p="33188"/><f n="SelectionBottomCorner.png" o="maxim" g="staff" p="33188"/><f n="SelectionCenter.png" o="maxim" g="staff" p="33188"/><f n="SelectionChange.aif" o="maxim" g="staff" p="33188"/><f n="SelectionEdge.png" o="maxim" g="staff" p="33188"/><f n="SelectionTop.png" o="maxim" g="staff" p="33188"/><f n="SelectionTopCorner.png" o="maxim" g="staff" p="33188"/><f n="shuffle.pdf" o="maxim" g="staff" p="33188"/><f n="Spanish.lproj" o="maxim" g="staff" p="16877"><f n="BRErrorFailureReasons.strings" o="maxim" g="staff" p="33188"/><f n="BRErrorRecoverySuggestions.strings" o="maxim" g="staff" p="33188"/><f n="InfoPlist.strings" o="maxim" g="staff" p="33188"/><f n="Localizable.plist" o="maxim" g="staff" p="33188"/><f n="Localizable.strings" o="maxim" g="staff" p="33188"/></f><f n="stars0.png" o="maxim" g="staff" p="33188"/><f n="stars1.png" o="maxim" g="staff" p="33188"/><f n="stars1_5.png" o="maxim" g="staff" p="33188"/><f n="stars2.png" o="maxim" g="staff" p="33188"/><f n="stars2_5.png" o="maxim" g="staff" p="33188"/><f n="stars3.png" o="maxim" g="staff" p="33188"/><f n="stars3_5.png" o="maxim" g="staff" p="33188"/><f n="stars4.png" o="maxim" g="staff" p="33188"/><f n="stars4_5.png" o="maxim" g="staff" p="33188"/><f n="stars5.png" o="maxim" g="staff" p="33188"/><f n="StatusFastForward.png" o="maxim" g="staff" p="33188"/><f n="StatusPause.png" o="maxim" g="staff" p="33188"/><f n="StatusPlay.png" o="maxim" g="staff" p="33188"/><f n="StatusRewind.png" o="maxim" g="staff" p="33188"/><f n="StatusStop.png" o="maxim" g="staff" p="33188"/><f n="StoreFront.plist" o="maxim" g="staff" p="33188"/><f n="sv.lproj" o="maxim" g="staff" p="16877"><f n="BRErrorFailureReasons.strings" o="maxim" g="staff" p="33188"/><f n="BRErrorRecoverySuggestions.strings" o="maxim" g="staff" p="33188"/><f n="InfoPlist.strings" o="maxim" g="staff" p="33188"/><f n="Localizable.plist" o="maxim" g="staff" p="33188"/><f n="Localizable.strings" o="maxim" g="staff" p="33188"/></f><f n="SW_Center_Not_Selected_Off.png" o="maxim" g="staff" p="33188"/><f n="SW_Center_Selected_Off.png" o="maxim" g="staff" p="33188"/><f n="SW_Center_Selected_On.png" o="maxim" g="staff" p="33188"/><f n="SW_Divider_Not_Selected.png" o="maxim" g="staff" p="33188"/><f n="SW_Divider_Selected.png" o="maxim" g="staff" p="33188"/><f n="SW_Left_Cap_Not_Selected_Off.png" o="maxim" g="staff" p="33188"/><f n="SW_Left_Cap_Selected_Off.png" o="maxim" g="staff" p="33188"/><f n="SW_Left_Cap_Selected_On.png" o="maxim" g="staff" p="33188"/><f n="SW_Right_Cap_Not_Selected_Off.png" o="maxim" g="staff" p="33188"/><f n="SW_Right_Cap_Selected_Off.png" o="maxim" g="staff" p="33188"/><f n="SW_Right_Cap_Selected_On.png" o="maxim" g="staff" p="33188"/><f n="syncIcon_Glow.png" o="maxim" g="staff" p="33188"/><f n="syncIcon_White.png" o="maxim" g="staff" p="33188"/><f n="TextEntrySelector_Center.png" o="maxim" g="staff" p="33188"/><f n="TextEntrySelector_Left.png" o="maxim" g="staff" p="33188"/><f n="TextEntrySelector_Right.png" o="maxim" g="staff" p="33188"/><f n="TextFieldBackground_Center.png" o="maxim" g="staff" p="33188"/><f n="TextFieldBackground_Left.png" o="maxim" g="staff" p="33188"/><f n="TextFieldBackground_Right.png" o="maxim" g="staff" p="33188"/><f n="Trailers.plist" o="maxim" g="staff" p="33188"/><f n="TVRatings_TV14.png" o="maxim" g="staff" p="33188"/><f n="TVRatings_TVG.png" o="maxim" g="staff" p="33188"/><f n="TVRatings_TVPG.png" o="maxim" g="staff" p="33188"/><f n="TVRatings_TVY.png" o="maxim" g="staff" p="33188"/><f n="TVRatings_TVY7.png" o="maxim" g="staff" p="33188"/><f n="TVRatings_TVY7FV.png" o="maxim" g="staff" p="33188"/><f n="TVShow.png" o="maxim" g="staff" p="33188"/><f n="UIPlayState_Active.png" o="maxim" g="staff" p="33188"/><f n="UIPlayState_Not_Active.png" o="maxim" g="staff" p="33188"/><f n="UnavailablePoster.png" o="maxim" g="staff" p="33188"/><f n="Unpairing_OFF.png" o="maxim" g="staff" p="33188"/><f n="Unpairing_ON.png" o="maxim" g="staff" p="33188"/><f n="Unplayed.png" o="maxim" g="staff" p="33188"/><f n="UnselectedSetting.png" o="maxim" g="staff" p="33188"/><f n="UpDownSelectorArrows.png" o="maxim" g="staff" p="33188"/><f n="version.plist" o="maxim" g="staff" p="33188"/><f n="Vol_BKG_v1_OFF.png" o="maxim" g="staff" p="33188"/><f n="Vol_BKG_v1_ON.png" o="maxim" g="staff" p="33188"/><f n="Vol_Black_CENTER.png" o="maxim" g="staff" p="33188"/><f n="Vol_Black_LEFT.png" o="maxim" g="staff" p="33188"/><f n="Vol_Black_RIGHT.png" o="maxim" g="staff" p="33188"/><f n="Vol_Blue_CENTER.png" o="maxim" g="staff" p="33188"/><f n="Vol_Blue_LEFT.png" o="maxim" g="staff" p="33188"/><f n="Vol_Blue_PositionCAP.png" o="maxim" g="staff" p="33188"/><f n="Vol_Blue_RIGHT.png" o="maxim" g="staff" p="33188"/><f n="WhiteStars_0.png" o="maxim" g="staff" p="33188"/><f n="WhiteStars_0_5.png" o="maxim" g="staff" p="33188"/><f n="WhiteStars_1.png" o="maxim" g="staff" p="33188"/><f n="WhiteStars_1_5.png" o="maxim" g="staff" p="33188"/><f n="WhiteStars_2.png" o="maxim" g="staff" p="33188"/><f n="WhiteStars_2_5.png" o="maxim" g="staff" p="33188"/><f n="WhiteStars_3.png" o="maxim" g="staff" p="33188"/><f n="WhiteStars_3_5.png" o="maxim" g="staff" p="33188"/><f n="WhiteStars_4.png" o="maxim" g="staff" p="33188"/><f n="WhiteStars_4_5.png" o="maxim" g="staff" p="33188"/><f n="WhiteStars_5.png" o="maxim" g="staff" p="33188"/><f n="zh_CN.lproj" o="maxim" g="staff" p="16877"><f n="BRErrorFailureReasons.strings" o="maxim" g="staff" p="33188"/><f n="BRErrorRecoverySuggestions.strings" o="maxim" g="staff" p="33188"/><f n="InfoPlist.strings" o="maxim" g="staff" p="33188"/><f n="Localizable.plist" o="maxim" g="staff" p="33188"/><f n="Localizable.strings" o="maxim" g="staff" p="33188"/></f><f n="zh_TW.lproj" o="maxim" g="staff" p="16877"><f n="BRErrorFailureReasons.strings" o="maxim" g="staff" p="33188"/><f n="BRErrorRecoverySuggestions.strings" o="maxim" g="staff" p="33188"/><f n="InfoPlist.strings" o="maxim" g="staff" p="33188"/><f n="Localizable.plist" o="maxim" g="staff" p="33188"/><f n="Localizable.strings" o="maxim" g="staff" p="33188"/></f></f><f n="Versions" o="maxim" g="staff" p="16877"><f n=".DS_Store" o="maxim" g="staff" p="33188"/><f n="A" o="maxim" g="staff" p="16877"><f n=".DS_Store" o="maxim" g="staff" p="33188"/><f n="_CodeSignature" o="maxim" g="staff" p="16877"><f n="CodeResources" o="maxim" g="staff" p="33188"/></f><f n="BackRow" o="maxim" g="staff" p="33261"/><f n="CodeResources" o="maxim" g="staff" p="41453"/><f n="Resources" o="maxim" g="staff" p="16877"><f n="AirportBars0.png" o="maxim" g="staff" p="33188"/><f n="AirportBars1.png" o="maxim" g="staff" p="33188"/><f n="AirportBars2.png" o="maxim" g="staff" p="33188"/><f n="AirportBars3.png" o="maxim" g="staff" p="33188"/><f n="AirportBars4.png" o="maxim" g="staff" p="33188"/><f n="AirportBars5.png" o="maxim" g="staff" p="33188"/><f n="Alert!.png" o="maxim" g="staff" p="33188"/><f n="AudioBook.png" o="maxim" g="staff" p="33188"/><f n="BackArrow.png" o="maxim" g="staff" p="33188"/><f n="BackRow-Info.plist" o="maxim" g="staff" p="33188"/><f n="ComboRowDropShadow.png" o="maxim" g="staff" p="33188"/><f n="da.lproj" o="maxim" g="staff" p="16877"><f n="BRErrorFailureReasons.strings" o="maxim" g="staff" p="33188"/><f n="BRErrorRecoverySuggestions.strings" o="maxim" g="staff" p="33188"/><f n="InfoPlist.strings" o="maxim" g="staff" p="33188"/><f n="Localizable.plist" o="maxim" g="staff" p="33188"/><f n="Localizable.strings" o="maxim" g="staff" p="33188"/></f><f n="Dutch.lproj" o="maxim" g="staff" p="16877"><f n="BRErrorFailureReasons.strings" o="maxim" g="staff" p="33188"/><f n="BRErrorRecoverySuggestions.strings" o="maxim" g="staff" p="33188"/><f n="InfoPlist.strings" o="maxim" g="staff" p="33188"/><f n="Localizable.plist" o="maxim" g="staff" p="33188"/><f n="Localizable.strings" o="maxim" g="staff" p="33188"/></f><f n="EmptyDownArrow.png" o="maxim" g="staff" p="33188"/><f n="EmptyUpArrow.png" o="maxim" g="staff" p="33188"/><f n="English.lproj" o="maxim" g="staff" p="16877"><f n="BRErrorFailureReasons.strings" o="maxim" g="staff" p="33188"/><f n="BRErrorRecoverySuggestions.strings" o="maxim" g="staff" p="33188"/><f n="InfoPlist.strings" o="maxim" g="staff" p="33188"/><f n="Localizable.plist" o="maxim" g="staff" p="33188"/><f n="Localizable.strings" o="maxim" g="staff" p="33188"/></f><f n="ErrorTriangle_v1.png" o="maxim" g="staff" p="33188"/><f n="Exit.aif" o="maxim" g="staff" p="33188"/><f n="Explicit.png" o="maxim" g="staff" p="33188"/><f n="FastForward.png" o="maxim" g="staff" p="33188"/><f n="FFx1.png" o="maxim" g="staff" p="33188"/><f n="FFx2.png" o="maxim" g="staff" p="33188"/><f n="FFx3.png" o="maxim" g="staff" p="33188"/><f n="fi.lproj" o="maxim" g="staff" p="16877"><f n="BRErrorFailureReasons.strings" o="maxim" g="staff" p="33188"/><f n="BRErrorRecoverySuggestions.strings" o="maxim" g="staff" p="33188"/><f n="InfoPlist.strings" o="maxim" g="staff" p="33188"/><f n="Localizable.plist" o="maxim" g="staff" p="33188"/><f n="Localizable.strings" o="maxim" g="staff" p="33188"/></f><f n="French.lproj" o="maxim" g="staff" p="16877"><f n="BRErrorFailureReasons.strings" o="maxim" g="staff" p="33188"/><f n="BRErrorRecoverySuggestions.strings" o="maxim" g="staff" p="33188"/><f n="InfoPlist.strings" o="maxim" g="staff" p="33188"/><f n="Localizable.plist" o="maxim" g="staff" p="33188"/><f n="Localizable.strings" o="maxim" g="staff" p="33188"/></f><f n="FullDownArrow.png" o="maxim" g="staff" p="33188"/><f n="FullUpArrow.png" o="maxim" g="staff" p="33188"/><f n="GearIcon.png" o="maxim" g="staff" p="33188"/><f n="German.lproj" o="maxim" g="staff" p="16877"><f n="BRErrorFailureReasons.strings" o="maxim" g="staff" p="33188"/><f n="BRErrorRecoverySuggestions.strings" o="maxim" g="staff" p="33188"/><f n="InfoPlist.strings" o="maxim" g="staff" p="33188"/><f n="Localizable.plist" o="maxim" g="staff" p="33188"/><f n="Localizable.strings" o="maxim" g="staff" p="33188"/></f><f n="GlowingAppleLogo.png" o="maxim" g="staff" p="33188"/><f n="GoBackArrow.png" o="maxim" g="staff" p="33188"/><f n="GrayProgress_Center_OFF.png" o="maxim" g="staff" p="33188"/><f n="GrayProgress_Center_ON.png" o="maxim" g="staff" p="33188"/><f n="GrayProgress_CenterCap_ON.png" o="maxim" g="staff" p="33188"/><f n="GrayProgress_LeftCap_OFF.png" o="maxim" g="staff" p="33188"/><f n="GrayProgress_LeftCap_ON.png" o="maxim" g="staff" p="33188"/><f n="GrayProgress_RightCap_OFF.png" o="maxim" g="staff" p="33188"/><f n="GrayProgress_RightCap_ON.png" o="maxim" g="staff" p="33188"/><f n="Info.plist" o="maxim" g="staff" p="33188"/><f n="IPv4Highlight_Center.png" o="maxim" g="staff" p="33188"/><f n="IPv4Highlight_Left.png" o="maxim" g="staff" p="33188"/><f n="IPv4Highlight_Right.png" o="maxim" g="staff" p="33188"/><f n="IPv4OctetBackground.png" o="maxim" g="staff" p="33188"/><f n="Italian.lproj" o="maxim" g="staff" p="16877"><f n="BRErrorFailureReasons.strings" o="maxim" g="staff" p="33188"/><f n="BRErrorRecoverySuggestions.strings" o="maxim" g="staff" p="33188"/><f n="InfoPlist.strings" o="maxim" g="staff" p="33188"/><f n="Localizable.plist" o="maxim" g="staff" p="33188"/><f n="Localizable.strings" o="maxim" g="staff" p="33188"/></f><f n="iTunesAppIcon.png" o="maxim" g="staff" p="33188"/><f n="iTunesPairing.png" o="maxim" g="staff" p="33188"/><f n="Japanese.lproj" o="maxim" g="staff" p="16877"><f n="BRErrorFailureReasons.strings" o="maxim" g="staff" p="33188"/><f n="BRErrorRecoverySuggestions.strings" o="maxim" g="staff" p="33188"/><f n="InfoPlist.strings" o="maxim" g="staff" p="33188"/><f n="Localizable.plist" o="maxim" g="staff" p="33188"/><f n="Localizable.strings" o="maxim" g="staff" p="33188"/></f><f n="ko.lproj" o="maxim" g="staff" p="16877"><f n="BRErrorFailureReasons.strings" o="maxim" g="staff" p="33188"/><f n="BRErrorRecoverySuggestions.strings" o="maxim" g="staff" p="33188"/><f n="InfoPlist.strings" o="maxim" g="staff" p="33188"/><f n="Localizable.plist" o="maxim" g="staff" p="33188"/><f n="Localizable.strings" o="maxim" g="staff" p="33188"/></f><f n="Left_Dark_End_Cap.png" o="maxim" g="staff" p="33188"/><f n="Limit.aif" o="maxim" g="staff" p="33188"/><f n="LinkedConnectArrow_off.png" o="maxim" g="staff" p="33188"/><f n="LinkedConnectArrow_on.png" o="maxim" g="staff" p="33188"/><f n="LowBattery_OFF.png" o="maxim" g="staff" p="33188"/><f n="LowBattery_ON.png" o="maxim" g="staff" p="33188"/><f n="MagGlass.png" o="maxim" g="staff" p="33188"/><f n="Movies.png" o="maxim" g="staff" p="33188"/><f n="Music.png" o="maxim" g="staff" p="33188"/><f n="Network.png" o="maxim" g="staff" p="33188"/><f n="no.lproj" o="maxim" g="staff" p="16877"><f n="BRErrorFailureReasons.strings" o="maxim" g="staff" p="33188"/><f n="BRErrorRecoverySuggestions.strings" o="maxim" g="staff" p="33188"/><f n="InfoPlist.strings" o="maxim" g="staff" p="33188"/><f n="Localizable.plist" o="maxim" g="staff" p="33188"/><f n="Localizable.strings" o="maxim" g="staff" p="33188"/></f><f n="NowPlayingPlayhead.png" o="maxim" g="staff" p="33188"/><f n="NowPlayingRepeatIcon.png" o="maxim" g="staff" p="33188"/><f n="NowPlayingShuffleIcon.png" o="maxim" g="staff" p="33188"/><f n="NowPlayingTransport.png" o="maxim" g="staff" p="33188"/><f n="Pairing_OFF.png" o="maxim" g="staff" p="33188"/><f n="Pairing_ON.png" o="maxim" g="staff" p="33188"/><f n="passCodeBox.png" o="maxim" g="staff" p="33188"/><f n="PasscodeHighlight_Arrows.png" o="maxim" g="staff" p="33188"/><f n="PasscodeHighlight_Center.png" o="maxim" g="staff" p="33188"/><f n="PasscodeHighlight_Left.png" o="maxim" g="staff" p="33188"/><f n="PasscodeHighlight_Right.png" o="maxim" g="staff" p="33188"/><f n="Pause.png" o="maxim" g="staff" p="33188"/><f n="Photos.png" o="maxim" g="staff" p="33188"/><f n="PhotoSettingsIcon.png" o="maxim" g="staff" p="33188"/><f n="pl.lproj" o="maxim" g="staff" p="16877"><f n="BRErrorFailureReasons.strings" o="maxim" g="staff" p="33188"/><f n="BRErrorRecoverySuggestions.strings" o="maxim" g="staff" p="33188"/><f n="InfoPlist.strings" o="maxim" g="staff" p="33188"/><f n="Localizable.plist" o="maxim" g="staff" p="33188"/><f n="Localizable.strings" o="maxim" g="staff" p="33188"/></f><f n="Play.png" o="maxim" g="staff" p="33188"/><f n="Played.png" o="maxim" g="staff" p="33188"/><f n="PlayHead.png" o="maxim" g="staff" p="33188"/><f n="Podcast.png" o="maxim" g="staff" p="33188"/><f n="Progress_Center_OFF.png" o="maxim" g="staff" p="33188"/><f n="Progress_Center_ON.png" o="maxim" g="staff" p="33188"/><f n="Progress_End_OFF.png" o="maxim" g="staff" p="33188"/><f n="Progress_End_ON.png" o="maxim" g="staff" p="33188"/><f n="Progress_Start_OFF.png" o="maxim" g="staff" p="33188"/><f n="Progress_Start_ON.png" o="maxim" g="staff" p="33188"/><f n="pt.lproj" o="maxim" g="staff" p="16877"><f n="BRErrorFailureReasons.strings" o="maxim" g="staff" p="33188"/><f n="BRErrorRecoverySuggestions.strings" o="maxim" g="staff" p="33188"/><f n="InfoPlist.strings" o="maxim" g="staff" p="33188"/><f n="Localizable.plist" o="maxim" g="staff" p="33188"/><f n="Localizable.strings" o="maxim" g="staff" p="33188"/></f><f n="pt_PT.lproj" o="maxim" g="staff" p="16877"><f n="BRErrorFailureReasons.strings" o="maxim" g="staff" p="33188"/><f n="BRErrorRecoverySuggestions.strings" o="maxim" g="staff" p="33188"/><f n="InfoPlist.strings" o="maxim" g="staff" p="33188"/><f n="Localizable.plist" o="maxim" g="staff" p="33188"/><f n="Localizable.strings" o="maxim" g="staff" p="33188"/></f><f n="Rated_G.png" o="maxim" g="staff" p="33188"/><f n="Rated_NOTRATED.png" o="maxim" g="staff" p="33188"/><f n="Rated_PG.png" o="maxim" g="staff" p="33188"/><f n="Rated_PG13.png" o="maxim" g="staff" p="33188"/><f n="Rated_R.png" o="maxim" g="staff" p="33188"/><f n="Rated_UNRATED.png" o="maxim" g="staff" p="33188"/><f n="ReturnToArrow_off.png" o="maxim" g="staff" p="33188"/><f n="ReturnToArrow_on.png" o="maxim" g="staff" p="33188"/><f n="Rewind.png" o="maxim" g="staff" p="33188"/><f n="Right_Dark_End_Cap.png" o="maxim" g="staff" p="33188"/><f n="ru.lproj" o="maxim" g="staff" p="16877"><f n="BRErrorFailureReasons.strings" o="maxim" g="staff" p="33188"/><f n="BRErrorRecoverySuggestions.strings" o="maxim" g="staff" p="33188"/><f n="InfoPlist.strings" o="maxim" g="staff" p="33188"/><f n="Localizable.plist" o="maxim" g="staff" p="33188"/><f n="Localizable.strings" o="maxim" g="staff" p="33188"/></f><f n="RWx1.png" o="maxim" g="staff" p="33188"/><f n="RWx2.png" o="maxim" g="staff" p="33188"/><f n="RWx3.png" o="maxim" g="staff" p="33188"/><f n="SelectedSetting.png" o="maxim" g="staff" p="33188"/><f n="SelectedSettingHighlighted.png" o="maxim" g="staff" p="33188"/><f n="Selection.aif" o="maxim" g="staff" p="33188"/><f n="SelectionBottom.png" o="maxim" g="staff" p="33188"/><f n="SelectionBottomCorner.png" o="maxim" g="staff" p="33188"/><f n="SelectionCenter.png" o="maxim" g="staff" p="33188"/><f n="SelectionChange.aif" o="maxim" g="staff" p="33188"/><f n="SelectionEdge.png" o="maxim" g="staff" p="33188"/><f n="SelectionTop.png" o="maxim" g="staff" p="33188"/><f n="SelectionTopCorner.png" o="maxim" g="staff" p="33188"/><f n="shuffle.pdf" o="maxim" g="staff" p="33188"/><f n="Spanish.lproj" o="maxim" g="staff" p="16877"><f n="BRErrorFailureReasons.strings" o="maxim" g="staff" p="33188"/><f n="BRErrorRecoverySuggestions.strings" o="maxim" g="staff" p="33188"/><f n="InfoPlist.strings" o="maxim" g="staff" p="33188"/><f n="Localizable.plist" o="maxim" g="staff" p="33188"/><f n="Localizable.strings" o="maxim" g="staff" p="33188"/></f><f n="stars0.png" o="maxim" g="staff" p="33188"/><f n="stars1.png" o="maxim" g="staff" p="33188"/><f n="stars1_5.png" o="maxim" g="staff" p="33188"/><f n="stars2.png" o="maxim" g="staff" p="33188"/><f n="stars2_5.png" o="maxim" g="staff" p="33188"/><f n="stars3.png" o="maxim" g="staff" p="33188"/><f n="stars3_5.png" o="maxim" g="staff" p="33188"/><f n="stars4.png" o="maxim" g="staff" p="33188"/><f n="stars4_5.png" o="maxim" g="staff" p="33188"/><f n="stars5.png" o="maxim" g="staff" p="33188"/><f n="StatusFastForward.png" o="maxim" g="staff" p="33188"/><f n="StatusPause.png" o="maxim" g="staff" p="33188"/><f n="StatusPlay.png" o="maxim" g="staff" p="33188"/><f n="StatusRewind.png" o="maxim" g="staff" p="33188"/><f n="StatusStop.png" o="maxim" g="staff" p="33188"/><f n="StoreFront.plist" o="maxim" g="staff" p="33188"/><f n="sv.lproj" o="maxim" g="staff" p="16877"><f n="BRErrorFailureReasons.strings" o="maxim" g="staff" p="33188"/><f n="BRErrorRecoverySuggestions.strings" o="maxim" g="staff" p="33188"/><f n="InfoPlist.strings" o="maxim" g="staff" p="33188"/><f n="Localizable.plist" o="maxim" g="staff" p="33188"/><f n="Localizable.strings" o="maxim" g="staff" p="33188"/></f><f n="SW_Center_Not_Selected_Off.png" o="maxim" g="staff" p="33188"/><f n="SW_Center_Selected_Off.png" o="maxim" g="staff" p="33188"/><f n="SW_Center_Selected_On.png" o="maxim" g="staff" p="33188"/><f n="SW_Divider_Not_Selected.png" o="maxim" g="staff" p="33188"/><f n="SW_Divider_Selected.png" o="maxim" g="staff" p="33188"/><f n="SW_Left_Cap_Not_Selected_Off.png" o="maxim" g="staff" p="33188"/><f n="SW_Left_Cap_Selected_Off.png" o="maxim" g="staff" p="33188"/><f n="SW_Left_Cap_Selected_On.png" o="maxim" g="staff" p="33188"/><f n="SW_Right_Cap_Not_Selected_Off.png" o="maxim" g="staff" p="33188"/><f n="SW_Right_Cap_Selected_Off.png" o="maxim" g="staff" p="33188"/><f n="SW_Right_Cap_Selected_On.png" o="maxim" g="staff" p="33188"/><f n="syncIcon_Glow.png" o="maxim" g="staff" p="33188"/><f n="syncIcon_White.png" o="maxim" g="staff" p="33188"/><f n="TextEntrySelector_Center.png" o="maxim" g="staff" p="33188"/><f n="TextEntrySelector_Left.png" o="maxim" g="staff" p="33188"/><f n="TextEntrySelector_Right.png" o="maxim" g="staff" p="33188"/><f n="TextFieldBackground_Center.png" o="maxim" g="staff" p="33188"/><f n="TextFieldBackground_Left.png" o="maxim" g="staff" p="33188"/><f n="TextFieldBackground_Right.png" o="maxim" g="staff" p="33188"/><f n="Trailers.plist" o="maxim" g="staff" p="33188"/><f n="TVRatings_TV14.png" o="maxim" g="staff" p="33188"/><f n="TVRatings_TVG.png" o="maxim" g="staff" p="33188"/><f n="TVRatings_TVPG.png" o="maxim" g="staff" p="33188"/><f n="TVRatings_TVY.png" o="maxim" g="staff" p="33188"/><f n="TVRatings_TVY7.png" o="maxim" g="staff" p="33188"/><f n="TVRatings_TVY7FV.png" o="maxim" g="staff" p="33188"/><f n="TVShow.png" o="maxim" g="staff" p="33188"/><f n="UIPlayState_Active.png" o="maxim" g="staff" p="33188"/><f n="UIPlayState_Not_Active.png" o="maxim" g="staff" p="33188"/><f n="UnavailablePoster.png" o="maxim" g="staff" p="33188"/><f n="Unpairing_OFF.png" o="maxim" g="staff" p="33188"/><f n="Unpairing_ON.png" o="maxim" g="staff" p="33188"/><f n="Unplayed.png" o="maxim" g="staff" p="33188"/><f n="UnselectedSetting.png" o="maxim" g="staff" p="33188"/><f n="UpDownSelectorArrows.png" o="maxim" g="staff" p="33188"/><f n="version.plist" o="maxim" g="staff" p="33188"/><f n="Vol_BKG_v1_OFF.png" o="maxim" g="staff" p="33188"/><f n="Vol_BKG_v1_ON.png" o="maxim" g="staff" p="33188"/><f n="Vol_Black_CENTER.png" o="maxim" g="staff" p="33188"/><f n="Vol_Black_LEFT.png" o="maxim" g="staff" p="33188"/><f n="Vol_Black_RIGHT.png" o="maxim" g="staff" p="33188"/><f n="Vol_Blue_CENTER.png" o="maxim" g="staff" p="33188"/><f n="Vol_Blue_LEFT.png" o="maxim" g="staff" p="33188"/><f n="Vol_Blue_PositionCAP.png" o="maxim" g="staff" p="33188"/><f n="Vol_Blue_RIGHT.png" o="maxim" g="staff" p="33188"/><f n="WhiteStars_0.png" o="maxim" g="staff" p="33188"/><f n="WhiteStars_0_5.png" o="maxim" g="staff" p="33188"/><f n="WhiteStars_1.png" o="maxim" g="staff" p="33188"/><f n="WhiteStars_1_5.png" o="maxim" g="staff" p="33188"/><f n="WhiteStars_2.png" o="maxim" g="staff" p="33188"/><f n="WhiteStars_2_5.png" o="maxim" g="staff" p="33188"/><f n="WhiteStars_3.png" o="maxim" g="staff" p="33188"/><f n="WhiteStars_3_5.png" o="maxim" g="staff" p="33188"/><f n="WhiteStars_4.png" o="maxim" g="staff" p="33188"/><f n="WhiteStars_4_5.png" o="maxim" g="staff" p="33188"/><f n="WhiteStars_5.png" o="maxim" g="staff" p="33188"/><f n="zh_CN.lproj" o="maxim" g="staff" p="16877"><f n="BRErrorFailureReasons.strings" o="maxim" g="staff" p="33188"/><f n="BRErrorRecoverySuggestions.strings" o="maxim" g="staff" p="33188"/><f n="InfoPlist.strings" o="maxim" g="staff" p="33188"/><f n="Localizable.plist" o="maxim" g="staff" p="33188"/><f n="Localizable.strings" o="maxim" g="staff" p="33188"/></f><f n="zh_TW.lproj" o="maxim" g="staff" p="16877"><f n="BRErrorFailureReasons.strings" o="maxim" g="staff" p="33188"/><f n="BRErrorRecoverySuggestions.strings" o="maxim" g="staff" p="33188"/><f n="InfoPlist.strings" o="maxim" g="staff" p="33188"/><f n="Localizable.plist" o="maxim" g="staff" p="33188"/><f n="Localizable.strings" o="maxim" g="staff" p="33188"/></f></f></f><f n="Current" o="maxim" g="staff" p="41453"><f n=".DS_Store" o="maxim" g="staff" p="33188"/><f n="_CodeSignature" o="maxim" g="staff" p="16877"><f n="CodeResources" o="maxim" g="staff" p="33188"/></f><f n="BackRow" o="maxim" g="staff" p="33261"/><f n="CodeResources" o="maxim" g="staff" p="41453"/><f n="Resources" o="maxim" g="staff" p="16877"><f n="AirportBars0.png" o="maxim" g="staff" p="33188"/><f n="AirportBars1.png" o="maxim" g="staff" p="33188"/><f n="AirportBars2.png" o="maxim" g="staff" p="33188"/><f n="AirportBars3.png" o="maxim" g="staff" p="33188"/><f n="AirportBars4.png" o="maxim" g="staff" p="33188"/><f n="AirportBars5.png" o="maxim" g="staff" p="33188"/><f n="Alert!.png" o="maxim" g="staff" p="33188"/><f n="AudioBook.png" o="maxim" g="staff" p="33188"/><f n="BackArrow.png" o="maxim" g="staff" p="33188"/><f n="BackRow-Info.plist" o="maxim" g="staff" p="33188"/><f n="ComboRowDropShadow.png" o="maxim" g="staff" p="33188"/><f n="da.lproj" o="maxim" g="staff" p="16877"><f n="BRErrorFailureReasons.strings" o="maxim" g="staff" p="33188"/><f n="BRErrorRecoverySuggestions.strings" o="maxim" g="staff" p="33188"/><f n="InfoPlist.strings" o="maxim" g="staff" p="33188"/><f n="Localizable.plist" o="maxim" g="staff" p="33188"/><f n="Localizable.strings" o="maxim" g="staff" p="33188"/></f><f n="Dutch.lproj" o="maxim" g="staff" p="16877"><f n="BRErrorFailureReasons.strings" o="maxim" g="staff" p="33188"/><f n="BRErrorRecoverySuggestions.strings" o="maxim" g="staff" p="33188"/><f n="InfoPlist.strings" o="maxim" g="staff" p="33188"/><f n="Localizable.plist" o="maxim" g="staff" p="33188"/><f n="Localizable.strings" o="maxim" g="staff" p="33188"/></f><f n="EmptyDownArrow.png" o="maxim" g="staff" p="33188"/><f n="EmptyUpArrow.png" o="maxim" g="staff" p="33188"/><f n="English.lproj" o="maxim" g="staff" p="16877"><f n="BRErrorFailureReasons.strings" o="maxim" g="staff" p="33188"/><f n="BRErrorRecoverySuggestions.strings" o="maxim" g="staff" p="33188"/><f n="InfoPlist.strings" o="maxim" g="staff" p="33188"/><f n="Localizable.plist" o="maxim" g="staff" p="33188"/><f n="Localizable.strings" o="maxim" g="staff" p="33188"/></f><f n="ErrorTriangle_v1.png" o="maxim" g="staff" p="33188"/><f n="Exit.aif" o="maxim" g="staff" p="33188"/><f n="Explicit.png" o="maxim" g="staff" p="33188"/><f n="FastForward.png" o="maxim" g="staff" p="33188"/><f n="FFx1.png" o="maxim" g="staff" p="33188"/><f n="FFx2.png" o="maxim" g="staff" p="33188"/><f n="FFx3.png" o="maxim" g="staff" p="33188"/><f n="fi.lproj" o="maxim" g="staff" p="16877"><f n="BRErrorFailureReasons.strings" o="maxim" g="staff" p="33188"/><f n="BRErrorRecoverySuggestions.strings" o="maxim" g="staff" p="33188"/><f n="InfoPlist.strings" o="maxim" g="staff" p="33188"/><f n="Localizable.plist" o="maxim" g="staff" p="33188"/><f n="Localizable.strings" o="maxim" g="staff" p="33188"/></f><f n="French.lproj" o="maxim" g="staff" p="16877"><f n="BRErrorFailureReasons.strings" o="maxim" g="staff" p="33188"/><f n="BRErrorRecoverySuggestions.strings" o="maxim" g="staff" p="33188"/><f n="InfoPlist.strings" o="maxim" g="staff" p="33188"/><f n="Localizable.plist" o="maxim" g="staff" p="33188"/><f n="Localizable.strings" o="maxim" g="staff" p="33188"/></f><f n="FullDownArrow.png" o="maxim" g="staff" p="33188"/><f n="FullUpArrow.png" o="maxim" g="staff" p="33188"/><f n="GearIcon.png" o="maxim" g="staff" p="33188"/><f n="German.lproj" o="maxim" g="staff" p="16877"><f n="BRErrorFailureReasons.strings" o="maxim" g="staff" p="33188"/><f n="BRErrorRecoverySuggestions.strings" o="maxim" g="staff" p="33188"/><f n="InfoPlist.strings" o="maxim" g="staff" p="33188"/><f n="Localizable.plist" o="maxim" g="staff" p="33188"/><f n="Localizable.strings" o="maxim" g="staff" p="33188"/></f><f n="GlowingAppleLogo.png" o="maxim" g="staff" p="33188"/><f n="GoBackArrow.png" o="maxim" g="staff" p="33188"/><f n="GrayProgress_Center_OFF.png" o="maxim" g="staff" p="33188"/><f n="GrayProgress_Center_ON.png" o="maxim" g="staff" p="33188"/><f n="GrayProgress_CenterCap_ON.png" o="maxim" g="staff" p="33188"/><f n="GrayProgress_LeftCap_OFF.png" o="maxim" g="staff" p="33188"/><f n="GrayProgress_LeftCap_ON.png" o="maxim" g="staff" p="33188"/><f n="GrayProgress_RightCap_OFF.png" o="maxim" g="staff" p="33188"/><f n="GrayProgress_RightCap_ON.png" o="maxim" g="staff" p="33188"/><f n="Info.plist" o="maxim" g="staff" p="33188"/><f n="IPv4Highlight_Center.png" o="maxim" g="staff" p="33188"/><f n="IPv4Highlight_Left.png" o="maxim" g="staff" p="33188"/><f n="IPv4Highlight_Right.png" o="maxim" g="staff" p="33188"/><f n="IPv4OctetBackground.png" o="maxim" g="staff" p="33188"/><f n="Italian.lproj" o="maxim" g="staff" p="16877"><f n="BRErrorFailureReasons.strings" o="maxim" g="staff" p="33188"/><f n="BRErrorRecoverySuggestions.strings" o="maxim" g="staff" p="33188"/><f n="InfoPlist.strings" o="maxim" g="staff" p="33188"/><f n="Localizable.plist" o="maxim" g="staff" p="33188"/><f n="Localizable.strings" o="maxim" g="staff" p="33188"/></f><f n="iTunesAppIcon.png" o="maxim" g="staff" p="33188"/><f n="iTunesPairing.png" o="maxim" g="staff" p="33188"/><f n="Japanese.lproj" o="maxim" g="staff" p="16877"><f n="BRErrorFailureReasons.strings" o="maxim" g="staff" p="33188"/><f n="BRErrorRecoverySuggestions.strings" o="maxim" g="staff" p="33188"/><f n="InfoPlist.strings" o="maxim" g="staff" p="33188"/><f n="Localizable.plist" o="maxim" g="staff" p="33188"/><f n="Localizable.strings" o="maxim" g="staff" p="33188"/></f><f n="ko.lproj" o="maxim" g="staff" p="16877"><f n="BRErrorFailureReasons.strings" o="maxim" g="staff" p="33188"/><f n="BRErrorRecoverySuggestions.strings" o="maxim" g="staff" p="33188"/><f n="InfoPlist.strings" o="maxim" g="staff" p="33188"/><f n="Localizable.plist" o="maxim" g="staff" p="33188"/><f n="Localizable.strings" o="maxim" g="staff" p="33188"/></f><f n="Left_Dark_End_Cap.png" o="maxim" g="staff" p="33188"/><f n="Limit.aif" o="maxim" g="staff" p="33188"/><f n="LinkedConnectArrow_off.png" o="maxim" g="staff" p="33188"/><f n="LinkedConnectArrow_on.png" o="maxim" g="staff" p="33188"/><f n="LowBattery_OFF.png" o="maxim" g="staff" p="33188"/><f n="LowBattery_ON.png" o="maxim" g="staff" p="33188"/><f n="MagGlass.png" o="maxim" g="staff" p="33188"/><f n="Movies.png" o="maxim" g="staff" p="33188"/><f n="Music.png" o="maxim" g="staff" p="33188"/><f n="Network.png" o="maxim" g="staff" p="33188"/><f n="no.lproj" o="maxim" g="staff" p="16877"><f n="BRErrorFailureReasons.strings" o="maxim" g="staff" p="33188"/><f n="BRErrorRecoverySuggestions.strings" o="maxim" g="staff" p="33188"/><f n="InfoPlist.strings" o="maxim" g="staff" p="33188"/><f n="Localizable.plist" o="maxim" g="staff" p="33188"/><f n="Localizable.strings" o="maxim" g="staff" p="33188"/></f><f n="NowPlayingPlayhead.png" o="maxim" g="staff" p="33188"/><f n="NowPlayingRepeatIcon.png" o="maxim" g="staff" p="33188"/><f n="NowPlayingShuffleIcon.png" o="maxim" g="staff" p="33188"/><f n="NowPlayingTransport.png" o="maxim" g="staff" p="33188"/><f n="Pairing_OFF.png" o="maxim" g="staff" p="33188"/><f n="Pairing_ON.png" o="maxim" g="staff" p="33188"/><f n="passCodeBox.png" o="maxim" g="staff" p="33188"/><f n="PasscodeHighlight_Arrows.png" o="maxim" g="staff" p="33188"/><f n="PasscodeHighlight_Center.png" o="maxim" g="staff" p="33188"/><f n="PasscodeHighlight_Left.png" o="maxim" g="staff" p="33188"/><f n="PasscodeHighlight_Right.png" o="maxim" g="staff" p="33188"/><f n="Pause.png" o="maxim" g="staff" p="33188"/><f n="Photos.png" o="maxim" g="staff" p="33188"/><f n="PhotoSettingsIcon.png" o="maxim" g="staff" p="33188"/><f n="pl.lproj" o="maxim" g="staff" p="16877"><f n="BRErrorFailureReasons.strings" o="maxim" g="staff" p="33188"/><f n="BRErrorRecoverySuggestions.strings" o="maxim" g="staff" p="33188"/><f n="InfoPlist.strings" o="maxim" g="staff" p="33188"/><f n="Localizable.plist" o="maxim" g="staff" p="33188"/><f n="Localizable.strings" o="maxim" g="staff" p="33188"/></f><f n="Play.png" o="maxim" g="staff" p="33188"/><f n="Played.png" o="maxim" g="staff" p="33188"/><f n="PlayHead.png" o="maxim" g="staff" p="33188"/><f n="Podcast.png" o="maxim" g="staff" p="33188"/><f n="Progress_Center_OFF.png" o="maxim" g="staff" p="33188"/><f n="Progress_Center_ON.png" o="maxim" g="staff" p="33188"/><f n="Progress_End_OFF.png" o="maxim" g="staff" p="33188"/><f n="Progress_End_ON.png" o="maxim" g="staff" p="33188"/><f n="Progress_Start_OFF.png" o="maxim" g="staff" p="33188"/><f n="Progress_Start_ON.png" o="maxim" g="staff" p="33188"/><f n="pt.lproj" o="maxim" g="staff" p="16877"><f n="BRErrorFailureReasons.strings" o="maxim" g="staff" p="33188"/><f n="BRErrorRecoverySuggestions.strings" o="maxim" g="staff" p="33188"/><f n="InfoPlist.strings" o="maxim" g="staff" p="33188"/><f n="Localizable.plist" o="maxim" g="staff" p="33188"/><f n="Localizable.strings" o="maxim" g="staff" p="33188"/></f><f n="pt_PT.lproj" o="maxim" g="staff" p="16877"><f n="BRErrorFailureReasons.strings" o="maxim" g="staff" p="33188"/><f n="BRErrorRecoverySuggestions.strings" o="maxim" g="staff" p="33188"/><f n="InfoPlist.strings" o="maxim" g="staff" p="33188"/><f n="Localizable.plist" o="maxim" g="staff" p="33188"/><f n="Localizable.strings" o="maxim" g="staff" p="33188"/></f><f n="Rated_G.png" o="maxim" g="staff" p="33188"/><f n="Rated_NOTRATED.png" o="maxim" g="staff" p="33188"/><f n="Rated_PG.png" o="maxim" g="staff" p="33188"/><f n="Rated_PG13.png" o="maxim" g="staff" p="33188"/><f n="Rated_R.png" o="maxim" g="staff" p="33188"/><f n="Rated_UNRATED.png" o="maxim" g="staff" p="33188"/><f n="ReturnToArrow_off.png" o="maxim" g="staff" p="33188"/><f n="ReturnToArrow_on.png" o="maxim" g="staff" p="33188"/><f n="Rewind.png" o="maxim" g="staff" p="33188"/><f n="Right_Dark_End_Cap.png" o="maxim" g="staff" p="33188"/><f n="ru.lproj" o="maxim" g="staff" p="16877"><f n="BRErrorFailureReasons.strings" o="maxim" g="staff" p="33188"/><f n="BRErrorRecoverySuggestions.strings" o="maxim" g="staff" p="33188"/><f n="InfoPlist.strings" o="maxim" g="staff" p="33188"/><f n="Localizable.plist" o="maxim" g="staff" p="33188"/><f n="Localizable.strings" o="maxim" g="staff" p="33188"/></f><f n="RWx1.png" o="maxim" g="staff" p="33188"/><f n="RWx2.png" o="maxim" g="staff" p="33188"/><f n="RWx3.png" o="maxim" g="staff" p="33188"/><f n="SelectedSetting.png" o="maxim" g="staff" p="33188"/><f n="SelectedSettingHighlighted.png" o="maxim" g="staff" p="33188"/><f n="Selection.aif" o="maxim" g="staff" p="33188"/><f n="SelectionBottom.png" o="maxim" g="staff" p="33188"/><f n="SelectionBottomCorner.png" o="maxim" g="staff" p="33188"/><f n="SelectionCenter.png" o="maxim" g="staff" p="33188"/><f n="SelectionChange.aif" o="maxim" g="staff" p="33188"/><f n="SelectionEdge.png" o="maxim" g="staff" p="33188"/><f n="SelectionTop.png" o="maxim" g="staff" p="33188"/><f n="SelectionTopCorner.png" o="maxim" g="staff" p="33188"/><f n="shuffle.pdf" o="maxim" g="staff" p="33188"/><f n="Spanish.lproj" o="maxim" g="staff" p="16877"><f n="BRErrorFailureReasons.strings" o="maxim" g="staff" p="33188"/><f n="BRErrorRecoverySuggestions.strings" o="maxim" g="staff" p="33188"/><f n="InfoPlist.strings" o="maxim" g="staff" p="33188"/><f n="Localizable.plist" o="maxim" g="staff" p="33188"/><f n="Localizable.strings" o="maxim" g="staff" p="33188"/></f><f n="stars0.png" o="maxim" g="staff" p="33188"/><f n="stars1.png" o="maxim" g="staff" p="33188"/><f n="stars1_5.png" o="maxim" g="staff" p="33188"/><f n="stars2.png" o="maxim" g="staff" p="33188"/><f n="stars2_5.png" o="maxim" g="staff" p="33188"/><f n="stars3.png" o="maxim" g="staff" p="33188"/><f n="stars3_5.png" o="maxim" g="staff" p="33188"/><f n="stars4.png" o="maxim" g="staff" p="33188"/><f n="stars4_5.png" o="maxim" g="staff" p="33188"/><f n="stars5.png" o="maxim" g="staff" p="33188"/><f n="StatusFastForward.png" o="maxim" g="staff" p="33188"/><f n="StatusPause.png" o="maxim" g="staff" p="33188"/><f n="StatusPlay.png" o="maxim" g="staff" p="33188"/><f n="StatusRewind.png" o="maxim" g="staff" p="33188"/><f n="StatusStop.png" o="maxim" g="staff" p="33188"/><f n="StoreFront.plist" o="maxim" g="staff" p="33188"/><f n="sv.lproj" o="maxim" g="staff" p="16877"><f n="BRErrorFailureReasons.strings" o="maxim" g="staff" p="33188"/><f n="BRErrorRecoverySuggestions.strings" o="maxim" g="staff" p="33188"/><f n="InfoPlist.strings" o="maxim" g="staff" p="33188"/><f n="Localizable.plist" o="maxim" g="staff" p="33188"/><f n="Localizable.strings" o="maxim" g="staff" p="33188"/></f><f n="SW_Center_Not_Selected_Off.png" o="maxim" g="staff" p="33188"/><f n="SW_Center_Selected_Off.png" o="maxim" g="staff" p="33188"/><f n="SW_Center_Selected_On.png" o="maxim" g="staff" p="33188"/><f n="SW_Divider_Not_Selected.png" o="maxim" g="staff" p="33188"/><f n="SW_Divider_Selected.png" o="maxim" g="staff" p="33188"/><f n="SW_Left_Cap_Not_Selected_Off.png" o="maxim" g="staff" p="33188"/><f n="SW_Left_Cap_Selected_Off.png" o="maxim" g="staff" p="33188"/><f n="SW_Left_Cap_Selected_On.png" o="maxim" g="staff" p="33188"/><f n="SW_Right_Cap_Not_Selected_Off.png" o="maxim" g="staff" p="33188"/><f n="SW_Right_Cap_Selected_Off.png" o="maxim" g="staff" p="33188"/><f n="SW_Right_Cap_Selected_On.png" o="maxim" g="staff" p="33188"/><f n="syncIcon_Glow.png" o="maxim" g="staff" p="33188"/><f n="syncIcon_White.png" o="maxim" g="staff" p="33188"/><f n="TextEntrySelector_Center.png" o="maxim" g="staff" p="33188"/><f n="TextEntrySelector_Left.png" o="maxim" g="staff" p="33188"/><f n="TextEntrySelector_Right.png" o="maxim" g="staff" p="33188"/><f n="TextFieldBackground_Center.png" o="maxim" g="staff" p="33188"/><f n="TextFieldBackground_Left.png" o="maxim" g="staff" p="33188"/><f n="TextFieldBackground_Right.png" o="maxim" g="staff" p="33188"/><f n="Trailers.plist" o="maxim" g="staff" p="33188"/><f n="TVRatings_TV14.png" o="maxim" g="staff" p="33188"/><f n="TVRatings_TVG.png" o="maxim" g="staff" p="33188"/><f n="TVRatings_TVPG.png" o="maxim" g="staff" p="33188"/><f n="TVRatings_TVY.png" o="maxim" g="staff" p="33188"/><f n="TVRatings_TVY7.png" o="maxim" g="staff" p="33188"/><f n="TVRatings_TVY7FV.png" o="maxim" g="staff" p="33188"/><f n="TVShow.png" o="maxim" g="staff" p="33188"/><f n="UIPlayState_Active.png" o="maxim" g="staff" p="33188"/><f n="UIPlayState_Not_Active.png" o="maxim" g="staff" p="33188"/><f n="UnavailablePoster.png" o="maxim" g="staff" p="33188"/><f n="Unpairing_OFF.png" o="maxim" g="staff" p="33188"/><f n="Unpairing_ON.png" o="maxim" g="staff" p="33188"/><f n="Unplayed.png" o="maxim" g="staff" p="33188"/><f n="UnselectedSetting.png" o="maxim" g="staff" p="33188"/><f n="UpDownSelectorArrows.png" o="maxim" g="staff" p="33188"/><f n="version.plist" o="maxim" g="staff" p="33188"/><f n="Vol_BKG_v1_OFF.png" o="maxim" g="staff" p="33188"/><f n="Vol_BKG_v1_ON.png" o="maxim" g="staff" p="33188"/><f n="Vol_Black_CENTER.png" o="maxim" g="staff" p="33188"/><f n="Vol_Black_LEFT.png" o="maxim" g="staff" p="33188"/><f n="Vol_Black_RIGHT.png" o="maxim" g="staff" p="33188"/><f n="Vol_Blue_CENTER.png" o="maxim" g="staff" p="33188"/><f n="Vol_Blue_LEFT.png" o="maxim" g="staff" p="33188"/><f n="Vol_Blue_PositionCAP.png" o="maxim" g="staff" p="33188"/><f n="Vol_Blue_RIGHT.png" o="maxim" g="staff" p="33188"/><f n="WhiteStars_0.png" o="maxim" g="staff" p="33188"/><f n="WhiteStars_0_5.png" o="maxim" g="staff" p="33188"/><f n="WhiteStars_1.png" o="maxim" g="staff" p="33188"/><f n="WhiteStars_1_5.png" o="maxim" g="staff" p="33188"/><f n="WhiteStars_2.png" o="maxim" g="staff" p="33188"/><f n="WhiteStars_2_5.png" o="maxim" g="staff" p="33188"/><f n="WhiteStars_3.png" o="maxim" g="staff" p="33188"/><f n="WhiteStars_3_5.png" o="maxim" g="staff" p="33188"/><f n="WhiteStars_4.png" o="maxim" g="staff" p="33188"/><f n="WhiteStars_4_5.png" o="maxim" g="staff" p="33188"/><f n="WhiteStars_5.png" o="maxim" g="staff" p="33188"/><f n="zh_CN.lproj" o="maxim" g="staff" p="16877"><f n="BRErrorFailureReasons.strings" o="maxim" g="staff" p="33188"/><f n="BRErrorRecoverySuggestions.strings" o="maxim" g="staff" p="33188"/><f n="InfoPlist.strings" o="maxim" g="staff" p="33188"/><f n="Localizable.plist" o="maxim" g="staff" p="33188"/><f n="Localizable.strings" o="maxim" g="staff" p="33188"/></f><f n="zh_TW.lproj" o="maxim" g="staff" p="16877"><f n="BRErrorFailureReasons.strings" o="maxim" g="staff" p="33188"/><f n="BRErrorRecoverySuggestions.strings" o="maxim" g="staff" p="33188"/><f n="InfoPlist.strings" o="maxim" g="staff" p="33188"/><f n="Localizable.plist" o="maxim" g="staff" p="33188"/><f n="Localizable.strings" o="maxim" g="staff" p="33188"/></f></f></f></f></f></pkg-contents>