<pkgref spec="1.12" uuid="3B02EAB9-2813-4003-81D8-BB38E7CA04B6"><config><identifier>com.maximcoppieters.frontRowForOsXMountainLion.BackRow.pkg</identifier><version>1.0</version><description></description><post-install type="req-restart"/><requireAuthorization/><installFrom relative="true" includeRoot="true">Data/PrivateFramework/BackRow.framework</installFrom><installTo mod="true">/System/Library/PrivateFrameworks</installTo><flags><followSymbolicLinks/></flags><packageStore type="internal"></packageStore><mod>installFrom.isRelativeType</mod><mod>postInstall</mod><mod>parent</mod><mod>installTo</mod></config><contents><file-list>03backrow-contents.xml</file-list><component id="com.apple.frontrow.backrow" path="/Users/maxim/Desktop/Front Row Mountain Lion/Data/PrivateFramework/BackRow.framework" version="2.2.9"><version-plist>/Users/maxim/Desktop/Front Row Mountain Lion/Data/PrivateFramework/BackRow.framework/Versions/Current/Resources/version.plist</version-plist></component><filter>/CVS$</filter><filter>/\.svn$</filter><filter>/\.cvsignore$</filter><filter>/\.cvspass$</filter><filter>/\.DS_Store$</filter></contents></pkgref>