<pkg-contents spec="1.12"><f n="Front Row.app" o="maxim" g="staff" p="16877" pt="/Users/maxim/Desktop/Front Row Mountain Lion/Data/Application/Front Row Launcher/Front Row.app" m="false" t="file"><f n="Contents" o="maxim" g="staff" p="16877"><f n="Info.plist" o="maxim" g="staff" p="33188"/><f n="MacOS" o="maxim" g="staff" p="16877"><f n="applet" o="maxim" g="staff" p="33261"/></f><f n="PkgInfo" o="maxim" g="staff" p="33188"/><f n="Resources" o="maxim" g="staff" p="16877"><f n="applet.icns" o="maxim" g="staff" p="33188"/><f n="applet.rsrc" o="maxim" g="staff" p="33188"/><f n="description.rtfd" o="maxim" g="staff" p="16877"><f n="TXT.rtf" o="maxim" g="staff" p="33188"/></f><f n="Scripts" o="maxim" g="staff" p="16877"><f n="main.scpt" o="maxim" g="staff" p="33188"/></f></f></f></f></pkg-contents>