<pkgref spec="1.12" uuid="7A39E5D3-1A6E-4DFA-80B8-FC38E765D3D1"><config><identifier>com.maximcoppieters.frontRowForOsXMountainLion.FrontRow-1.pkg</identifier><version>1.0</version><description></description><post-install type="req-logout"/><requireAuthorization/><installFrom relative="true" includeRoot="true">Data/Application/Front Row Launcher/Front Row.app</installFrom><installTo relocatable="true">/Applications</installTo><flags><followSymbolicLinks/></flags><packageStore type="internal"></packageStore><mod>installFrom.isRelativeType</mod><mod>postInstall</mod><mod>parent</mod><mod>installTo</mod></config><contents><file-list>05front-contents.xml</file-list><component id="com.apple.ScriptEditor.id.Front-Row-Launcher" path="/Users/maxim/Desktop/Front Row Mountain Lion/Data/Application/Front Row Launcher/Front Row.app" isRelocatable="true"><locator-info><token title="pkmk-token-1079"><search-rule><combo identifier="com.apple.ScriptEditor.id.Front-Row-Launcher" default-path="/Applications/Front Row.app"/></search-rule></token></locator-info></component><filter>/CVS$</filter><filter>/\.svn$</filter><filter>/\.cvsignore$</filter><filter>/\.cvspass$</filter><filter>/\.DS_Store$</filter></contents></pkgref>